Item Universal Code,PQSVaccineID,VaccineType,VaccineTypeName,Manufacturer,CommercialName,PharmaceuticalForm,Presentation,DosesCount,ShelfLife,VaccinePreservative,AdministrationRoute,VaccineStorageTemperature,PrequalificationStatus,VaccineVialMonitor,MultidoseVialPolicy,VaccinePrimaryVolume,VaccineSecondaryVolume,VaccineTertiaryVolume,DiluentBundled,Diluent Primary Volume,DiluentSecondaryVolume,DiluentTertiaryVolume,FreezeSensitive,DiluentStorageTemperature,AlAdjuvant,Nbre doses dans calendrier,Prix du flacon ($/flacon),UNICEF PS
ac4b8a16,73,BCG,BCG,National Center of Infectious and Parasitic Diseases,BCG Vaccine,Lyophilised active component  to be reconstituted with excipient diluent before use,Ampoule,10,24,none,Intradermal,2-8°C,Current,30,0,2.25,2.25,3.37,No,1.1,1.1,1.1,,NA,,1,$2.31,0.231
ac4b8a16,164,BCG,BCG,AJ Vaccines A/S,BCG Vaccine SSI,Lyophilised active component  to be reconstituted with excipient diluent before use,Two vial set (active + excipient),10,12,none,Intradermal,2-8°C,Current,14,0,1.33,1.33,1.33,Yes,0,0,0,,NA,,1,$2.31,0.231
ac4b8a16,338,BCG,BCG,Japan BCG Laboratory,BCG Freezed Dried Glutamate vaccine,Lyophilised active component  to be reconstituted with excipient diluent before use,Ampoule,10,24,none,Intradermal,2-8°C,Current,30,0,1.44,1.44,4.98,No,1.2,1.2,2.3,,2-8°C,,1,$2.31,0.231
ac4b8a16,67,BCG,BCG,Japan BCG Laboratory,BCG Freeze Dried Glutamate vaccine,Lyophilised active component  to be reconstituted with excipient diluent before use,Ampoule,20,24,none,Intradermal,2-8°C,Current,30,0,0.72,0.72,2.49,No,0.6,0.6,1.1,No,2-8°C,No,1,$2.74,0.137
ac4b8a16,74,BCG,BCG,National Center of Infectious and Parasitic Diseases,BCG Vaccine,Lyophilised active component  to be reconstituted with excipient diluent before use,Ampoule,20,24,none,Intradermal,2-8°C,Current,30,0,1.13,1.13,2.25,No,1.1,1.1,1.1,,NA,,1,$2.74,0.137
ac4b8a16,117,BCG,BCG,Serum Institute of India Pvt. Ltd.,BCG Vaccine,Lyophilised active component  to be reconstituted with excipient diluent before use,Vial,20,24,none,Intradermal,2-8°C,Current,14,0,0.88,0.88,4.32,No,0.6,0.6,0,No,2-8°C,No,1,$2.74,0.137
ac4b8a16,294,BCG,BCG,GreenSignal Bio Pharma Limited,BCG vaccine (Freeze Dried) - Intradermal,Lyophilised active component  to be reconstituted with excipient diluent before use,Vial + Ampoule,20,24,none,Intradermal,2-8°C,Current,14,0,0.54,0.54,0.87,No,0,0,0.8,,2-8°C,,1,$2.74,0.137
5e1834bf,183,Polio Vaccine - Oral (OPV) Bivalent Types 1 and 3,bOPV,GlaxoSmithKline Biologicals SA,Polio Sabin One and Three,Liquid: ready to use,Vial,10,24,none,Oral,-20°C,Current,2,28,0.97,0.97,3.98,0,0,0,0,No,NA,No,4,$3.08,0.308
5e1834bf,281,Polio Vaccine - Oral (OPV) Bivalent Types 1 and 3,bOPV,Serum Institute of India Pvt. Ltd.,"Poliomyelitis Vaccine (Oral), Bivalent types 1 and 3",Liquid: ready to use,Vial,10,24,none,Oral,-20°C,Current,2,28,1.76,1.76,11.52,0,0,0,0,,NA,,4,$3.08,0.308
5e1834bf,297,Polio Vaccine - Oral (OPV) Bivalent Types 1 and 3,bOPV,PT Bio Farma (Persero),Bivalent Oral Poliomyelitis Vaccine Type 1&3 (bOPV 1&3),Liquid: ready to use,Vial,10,24,none,Oral,-20°C,Current,2,28,1.4,1.4,6.22,0,0,0,0,No,NA,No,4,$3.08,0.308
5e1834bf,337,Polio Vaccine - Oral (OPV) Bivalent Types 1 and 3,bOPV,Bharat Biotech International Limited,BIOPOLIO B1/3,Liquid: ready to use,Vial,10,24,none,Oral,-20°C,Current,2,28,0,0,0,0,0,0,0,,NA,,4,$3.08,0.308
5e1834bf,184,Polio Vaccine - Oral (OPV) Bivalent Types 1 and 3,bOPV,GlaxoSmithKline Biologicals SA,Polio Sabin One and Three,Liquid: ready to use,Vial,20,24,none,Oral,-20°C,Current,2,28,0.48,0.48,1.99,0,0,0,0,,NA,,4,$3.05,0.153
5e1834bf,195,Polio Vaccine - Oral (OPV) Bivalent Types 1 and 3,bOPV,PT Bio Farma (Persero),Bivalent Oral Poliomyelitis Vaccine Type 1&3 (bOPV 1&3),Liquid: ready to use,Vial,20,24,none,Oral,-20°C,Current,2,28,0.55,0.55,4.14,0,0,0,0,,NA,,4,$3.05,0.153
5e1834bf,200,Polio Vaccine - Oral (OPV) Bivalent Types 1 and 3,bOPV,Haffkine Bio Pharmaceutical Corporation Ltd,"Bivalent type 1&3 Oral Poliomyelitis vaccine, IP (bOPV1&3)",Liquid: ready to use,Vial,20,24,none,Oral,-20°C,Current,2,28,1,1,1,0,0,0,0,,NA,,4,$3.05,0.153
5e1834bf,244,Polio Vaccine - Oral (OPV) Bivalent Types 1 and 3,bOPV,Bharat Biotech International Limited,BIOPOLIO B1/3,Liquid: ready to use,Vial,20,24,none,Oral,-20°C,Current,2,28,0.85,0.85,5.42,0,0,0,0,,NA,,4,$3.05,0.153
5e1834bf,246,Polio Vaccine - Oral (OPV) Bivalent Types 1 and 3,bOPV,Sanofi Pasteur SA,none,Liquid: ready to use,Vial,20,24,none,Oral,-20°C,Current,2,28,0.49,0.49,2.42,0,0,0,0,,NA,,4,$3.05,0.153
5e1834bf,253,Polio Vaccine - Oral (OPV) Bivalent Types 1 and 3,bOPV,Serum Institute of India Pvt. Ltd.,"Poliomyelitis Vaccine (Oral), Bivalent types 1 and 3",Liquid: ready to use,Vial,20,24,none,Oral,-20°C,Current,2,28,0.88,0.88,5.76,0,0,0,0,,NA,,4,$3.05,0.153
,357,"Dengue Tetravalent (live, attenuated)",Dengue,Sanofi Pasteur SA,Dengvaxia,Lyophilised active component  to be reconstituted with excipient diluent before use,Two vial set (active + excipient),5,36,none,Subcutaneous,2-8°C,Current,14,0,5.22,5.22,5.98,Yes,0,0,0,,2-8°C,,1,,0
,118,Diphtheria-Tetanus,DT,Serum Institute of India Pvt. Ltd.,Diphtheria and Tetanus Vaccine Adsorbed (Paediatric),Liquid: ready to use,Ampoule,1,36,thiomersal,Intramuscular,2-8°C,Current,none,NA,12.18,12.18,9.84,0,0,0,0,,NA,,3,#N/A,#N/A
,7,Diphtheria-Tetanus,DT,PT Bio Farma (Persero),Adsorbed DT Vaccine,Liquid: ready to use,Vial,10,36,thiomersal,Intramuscular,2-8°C,Current,30,28,2.38,2.38,9.47,0,0,0,0,Yes,NA,Yes,3,$1.19,0.119
,77,Diphtheria-Tetanus,DT,National Center of Infectious and Parasitic Diseases,Diftet,Liquid: ready to use,Vial,10,36,thiomersal,Intramuscular,2-8°C,Current,14,28,3.78,3.78,9.29,0,0,0,0,,NA,,3,$1.19,0.119
,119,Diphtheria-Tetanus,DT,Serum Institute of India Pvt. Ltd.,Diphtheria and Tetanus Vaccine Adsorbed (Pediatric),Liquid: ready to use,Vial,10,36,thiomersal,Intramuscular,2-8°C,Current,30,28,2.11,2.11,9.84,0,0,0,0,Yes,NA,Yes,3,$1.19,0.119
,78,Diphtheria-Tetanus,DT,National Center of Infectious and Parasitic Diseases,Diftet,Liquid: ready to use,Vial,20,36,thiomersal,Intramuscular,2-8°C,Current: No Routine Production,14,28,1.89,1.89,1.89,0,0,0,0,,NA,,3,$2.19,0.109
,120,Diphtheria-Tetanus,DT,Serum Institute of India Pvt. Ltd.,Diphtheria and Tetanus Vaccine Adsorbed (Pediatric),Liquid: ready to use,Vial,20,36,thiomersal,Intramuscular,2-8°C,Current,30,28,2.12,2.12,9.84,0,0,0,0,,NA,,3,$2.19,0.109
,266,Diphtheria-Tetanus-Pertussis (acellular),DTaP,GlaxoSmithKline Biologicals SA,Boostrix,Liquid: ready to use,Vial,1,36,none,Intramuscular,2-8°C,Current,30,NA,9.7,9.7,15.23,0,0,0,0,,NA,,3,#N/A,#N/A
,315,Diphtheria-Tetanus-Pertussis (acellular),DTaP,Sanofi Pasteur Limited,Adacel,Liquid: ready to use,Vial,1,36,none,Intramuscular,2-8°C,Current,30,NA,19.5,19.5,128.6,0,0,0,0,,NA,,3,#N/A,#N/A
,285,Diphtheria-Tetanus-Pertussis (acellular)-Hepatitis B-Haemophilus influenzae type b-Polio (Inactivated),DTaP-HepB-Hib-IPV,Sanofi Pasteur SA,Hexaxim,Liquid: ready to use,Vial,1,36,none,Intramuscular,2-8°C,Current,7,NA,11.32,11.32,67.51,0,0,0,0,,NA,,3,#N/A,#N/A
,93,Diphtheria-Tetanus-Pertussis (whole cell),DTwP,Sanofi Pasteur SA,DT COQ,Liquid: ready to use,Ampoule,1,36,thiomersal,Intramuscular,2-8°C,Current: No Routine Production,none,NA,26.1,26.1,26.1,0,0,0,0,,NA,,3,#N/A,#N/A
,124,Diphtheria-Tetanus-Pertussis (whole cell),DTwP,Serum Institute of India Pvt. Ltd.,Diphtheria-Tetanus-Pertussis Vaccine Adsorbed,Liquid: ready to use,Ampoule,1,24,thiomersal,Intramuscular,2-8°C,Current,none,NA,12.18,12.18,65.6,0,0,0,0,,NA,,3,#N/A,#N/A
,277,Diphtheria-Tetanus-Pertussis (whole cell),DTwP,Biological E. Limited,None used on labelling for supply through UN agencies.     Also marketed with labelled commercial name  TRIPVAC,Liquid: ready to use,Vial,1,24,thiomersal,Intramuscular,2-8°C,Current,14,NA,14.68,14.68,93.08,0,0,0,0,,NA,,3,#N/A,#N/A
,8,Diphtheria-Tetanus-Pertussis (whole cell),DTwP,PT Bio Farma (Persero),DTP Vaccine,Liquid: ready to use,Vial,10,24,thiomersal,Intramuscular,2-8°C,Current,14,28,2.38,2.38,9.56,0,0,0,0,Yes,NA,Yes,3,$1.97,0.197
,94,Diphtheria-Tetanus-Pertussis (whole cell),DTwP,Sanofi Pasteur SA,DT COQ,Liquid: ready to use,Vial,10,36,thiomersal,Intramuscular,2-8°C,Current,none,28,2.46,2.46,2.46,0,0,0,0,,NA,,3,$1.97,0.197
,125,Diphtheria-Tetanus-Pertussis (whole cell),DTwP,Serum Institute of India Pvt. Ltd.,Diphtheria-Tetanus-Pertussis Vaccine Adsorbed,Liquid: ready to use,Vial,10,24,thiomersal,Intramuscular,2-8°C,Current,14,28,2.11,2.11,9.84,0,0,0,0,Yes,NA,Yes,3,$1.97,0.197
,278,Diphtheria-Tetanus-Pertussis (whole cell),DTwP,Biological E. Limited,None used on labelling for supply through UN agencies.     Also marketed with labelled commercial name  TRIPVAC,Liquid: ready to use,Vial,10,24,thiomersal,Intramuscular,2-8°C,Current,14,28,1.78,1.78,8.94,0,0,0,0,,NA,,3,$1.97,0.197
,126,Diphtheria-Tetanus-Pertussis (whole cell),DTwP,Serum Institute of India Pvt. Ltd.,Diphtheria-Tetanus-Pertussis Vaccine Adsorbed,Liquid: ready to use,Vial,20,24,thiomersal,Intramuscular,2-8°C,Current,14,28,2.12,2.12,9.84,0,0,0,0,,NA,,3,$3.13,0.157
,97,Diphtheria-Tetanus-Pertussis (whole cell)-Haemophilus influenzae type b,DTwP+Hib,Sanofi Pasteur SA,TETRAct-HIB,Lyophilised active component to be reconstituted with liquid active component before use,Vial + Ampoule,1,36,thiomersal,Intramuscular,2-8°C,Current: No Routine Production,none,NA,44.72,44.72,44.72,0,0,0,0,,NA,,3,$3.69,3.687
,216,Diphtheria-Tetanus-Pertussis (whole cell)-Haemophilus influenzae type b,DTwP+Hib,Serum Institute of India Pvt. Ltd.,"Diphtheria, Tetanus, Pertussis and Haemophilus influenzae type b Conjugate Vaccine",Lyophilised active component to be reconstituted with liquid active component before use,Vial + Ampoule,1,24,thiomersal,Intramuscular,2-8°C,Current,14,NA,21.09,21.09,147.6,0,12.2,12.2,0,,NA,,3,$3.69,3.687
,96,Diphtheria-Tetanus-Pertussis (whole cell)-Haemophilus influenzae type b,DTwP+Hib,Sanofi Pasteur SA,TETRAct-HIB,Lyophilised active component to be reconstituted with liquid active component before use,Two vial set (active + active),10,36,thiomersal,Intramuscular,2-8°C,Current,none,0,12.39,12.39,12.39,0,0,0,0,,NA,,3,$32.32,3.232
,127,Diphtheria-Tetanus-Pertussis (whole cell)-Hepatitis B,DTwP-HepB,Serum Institute of India Pvt. Ltd.,"Diphtheria ,Tetanus, Pertussis and Hepatitis B Vaccine Adsorbed",Liquid: ready to use,Ampoule,1,24,thiomersal,Intramuscular,2-8°C,Current,none,NA,12.18,12.18,65.6,0,0,0,0,,NA,,3,$-,0
,10,Diphtheria-Tetanus-Pertussis (whole cell)-Hepatitis B,DTwP-HepB,PT Bio Farma (Persero),DTP - Hep B 5,Liquid: ready to use,Vial,5,24,thiomersal,Intramuscular or Subcutaneous,2-8°C,Current,14,28,4.2,4.2,4.2,0,0,0,0,,NA,,3,#N/A,#N/A
,11,Diphtheria-Tetanus-Pertussis (whole cell)-Hepatitis B,DTwP-HepB,PT Bio Farma (Persero),DTP - Hep B 10,Liquid: ready to use,Vial,10,24,thiomersal,Intramuscular or Subcutaneous,2-8°C,Current,14,28,2.1,2.1,2.1,0,0,0,0,,NA,,3,$7.25,0.725
,128,Diphtheria-Tetanus-Pertussis (whole cell)-Hepatitis B,DTwP-HepB,Serum Institute of India Pvt. Ltd.,"Diphtheria ,Tetanus, Pertussis and Hepatitis B Vaccine Adsorbed",Liquid: ready to use,Vial,10,24,thiomersal,Intramuscular,2-8°C,Current,14,28,2.11,2.11,9.84,0,0,0,0,,NA,,3,$7.25,0.725
,129,Diphtheria-Tetanus-Pertussis (whole cell)-Hepatitis B,DTwP-HepB,Serum Institute of India Pvt. Ltd.,"Diphtheria ,Tetanus, Pertussis and Hepatitis B Vaccine Adsorbed",Liquid: ready to use,Vial,20,24,thiomersal,Intramuscular,2-8°C,Current,14,28,2.12,2.12,9.84,0,0,0,0,,NA,,3,#N/A,#N/A
,55,Diphtheria-Tetanus-Pertussis (whole cell)-Hepatitis B-Haemophilus influenzae type b,DTwP-HepB+Hib,GlaxoSmithKline Biologicals SA,Tritanrix HB+Hib,Lyophilised active component  to be reconstituted with excipient diluent before use,Two vial set (active + active),1,36,thiomersal,Intramuscular,2-8°C,Current,14,NA,14.54,14.54,14.54,Yes,0,0,0,,NA,,3,$2.83,2.828
,194,Diphtheria-Tetanus-Pertussis (whole cell)-Hepatitis B-Haemophilus influenzae type b,DTwP-HepB+Hib,Serum Institute of India Pvt. Ltd.,"Diphtheria, Tetanus, Pertussis, Hepatitis B and Haemophilus influenzae type b Conjugate Vaccine",Lyophilised active component to be reconstituted with liquid active component before use,Vial + Ampoule,1,24,thiomersal,Intramuscular,2-8°C,Current,14,NA,33.27,33.27,147.6,0,0,0,0,,NA,,3,$2.83,2.828
,247,Diphtheria-Tetanus-Pertussis (whole cell)-Hepatitis B-Haemophilus influenzae type b,DTwP-HepB+Hib,Biological E. Limited,None used on labelling for supply through UN agencies.     Also marketed with labelled commercial name  ComBE Five (Reconstituted).,Lyophilised active component to be reconstituted with liquid active component before use,Two vial set (active + active),1,24,thiomersal,Intramuscular,2-8°C,Current,14,NA,58.7,58.7,58.7,Yes,0,0,0,,NA,,3,$2.83,2.828
,254,Diphtheria-Tetanus-Pertussis (whole cell)-Hepatitis B-Haemophilus influenzae type b,DTwP-HepB+Hib,LG Chem Ltd,Euforvac-Hib Inj,Lyophilised active component to be reconstituted with liquid active component before use,Two vial set (active + active),1,36,thiomersal,Intramuscular,2-8°C,Current,14,NA,29.07,29.07,149.77,Yes,0,0,0,,NA,,3,$2.83,2.828
,56,Diphtheria-Tetanus-Pertussis (whole cell)-Hepatitis B-Haemophilus influenzae type b,DTwP-HepB+Hib,GlaxoSmithKline Biologicals SA,Tritanrix HB+Hib,Lyophilised active component to be reconstituted with liquid active component before use,Two vial set (active + active),2,36,thiomersal,Intramuscular,2-8°C,Current,14,0,7.27,7.27,7.27,0,0,0,0,,NA,,3,$3.90,1.95
,203,Diphtheria-Tetanus-Pertussis (whole cell)-Hepatitis B-Haemophilus influenzae type b,DTwP-HepB+Hib,Serum Institute of India Pvt. Ltd.,"Diphtheria, Tetanus, Pertussis, Hepatitis B and Haemophilus influenzae type b Conjugate Vaccine",Lyophilised active component to be reconstituted with liquid active component before use,Vial + Ampoule,2,24,thiomersal,Intramuscular,2-8°C,Current,14,0,11.15,11.15,147.6,0,0,0,0,,NA,,3,$3.90,1.95
,255,Diphtheria-Tetanus-Pertussis (whole cell)-Hepatitis B-Haemophilus influenzae type b,DTwP-HepB+Hib,LG Chem Ltd,Euforvac-Hib Inj.,Lyophilised active component to be reconstituted with liquid active component before use,Two vial set (active + active),2,36,thiomersal,Intramuscular,2-8°C,Current,14,0,14.54,14.54,74.88,Yes,0,0,0,,NA,,3,$3.90,1.95
,204,Diphtheria-Tetanus-Pertussis (whole cell)-Hepatitis B-Haemophilus influenzae type b,DTwP-HepB+Hib,Serum Institute of India Pvt. Ltd.,"Diphtheria, Tetanus, Pertussis, Hepatitis B and Haemophilus influenzae type b Conjugate Vaccine",Lyophilised active component to be reconstituted with liquid active component before use,Vial + Ampoule,10,24,thiomersal,Intramuscular,2-8°C,Current,14,0,2.11,2.11,196.8,0,0,0,0,,NA,,3,$17.30,1.73
,248,Diphtheria-Tetanus-Pertussis (whole cell)-Hepatitis B-Haemophilus influenzae type b,DTwP-HepB+Hib,Biological E. Limited,None used on labelling for supply through UN agencies.     Also marketed with labelled commercial name  ComBE Five (Reconstituted).,Lyophilised active component to be reconstituted with liquid active component before use,Two vial set (active + active),10,24,thiomersal,Intramuscular,2-8°C,Current,14,0,7.5,7.5,7.5,Yes,0,0,0,,NA,,3,$17.30,1.73
,6,Diphtheria-Tetanus-Pertussis (whole cell)-Hepatitis B-Haemophilus influenzae type b,DTwP-HepB-Hib,Janssen Vaccines Corp.,Quinvaxem,Liquid: ready to use,Vial,1,36,thiomersal (trace),Intramuscular,2-8°C,Current,14,NA,10.3,10.3,54.32,0,0,0,0,Yes,NA,Yes,3,$1.13,1.13
,162,Diphtheria-Tetanus-Pertussis (whole cell)-Hepatitis B-Haemophilus influenzae type b,DTwP-HepB-Hib,Shantha Biotechnics Private Limited (A Sanofi Company),Shan-5,Liquid: ready to use,Vial,1,24,thiomersal,Intramuscular,2-8°C,Current,14,NA,16.8,16.8,63.95,0,0,0,0,,NA,,3,$1.13,1.13
,223,Diphtheria-Tetanus-Pertussis (whole cell)-Hepatitis B-Haemophilus influenzae type b,DTwP-HepB-Hib,Serum Institute of India Pvt. Ltd.,"Diphtheria, Tetanus, Pertussis, Hepatitis B and Haemophilus influenzae type b Conjugate Vaccine Adsorbed",Liquid: ready to use,Vial,1,24,thiomersal,Intramuscular,2-8°C,Current,14,NA,14.06,14.06,77.6,0,0,0,0,Yes,NA,Yes,3,$1.13,1.13
,270,Diphtheria-Tetanus-Pertussis (whole cell)-Hepatitis B-Haemophilus influenzae type b,DTwP-HepB-Hib,Panacea Biotec Ltd.,Easyfive-TT,Liquid: ready to use,Vial,1,36,thiomersal,Intramuscular,2-8°C,Current,14,NA,15.3,15.3,83.12,0,0,0,0,,NA,,3,$1.13,1.13
,274,Diphtheria-Tetanus-Pertussis (whole cell)-Hepatitis B-Haemophilus influenzae type b,DTwP-HepB-Hib,Biological E. Limited,None used on labelling for supply through UN agencies.     Also marketed with labelled commercial name  ComBE Five (Liquid).,Liquid: ready to use,Vial,1,30,thiomersal,Intramuscular,2-8°C,Current,14,NA,14.7,14.7,93.08,0,0,0,0,,NA,,3,$1.13,1.13
,304,Diphtheria-Tetanus-Pertussis (whole cell)-Hepatitis B-Haemophilus influenzae type b,DTwP-HepB-Hib,LG Chem Ltd,Eupenta,Liquid: ready to use,Vial,1,36,thiomersal,Intramuscular,2-8°C,Current,14,NA,14.53,14.53,75.13,0,0,0,0,,NA,,3,$1.13,1.13
,224,Diphtheria-Tetanus-Pertussis (whole cell)-Hepatitis B-Haemophilus influenzae type b,DTwP-HepB-Hib,Serum Institute of India Pvt. Ltd.,"Diphtheria, Tetanus, Pertussis, Hepatitis B and Haemophilus influenzae type b Conjugate Vaccine Adsorbed",Liquid: ready to use,Vial,2,24,thiomersal,Intramuscular,2-8°C,Current,14,28,8.79,8.79,43.2,0,0,0,0,,NA,,3,$3.88,1.94
,288,Diphtheria-Tetanus-Pertussis (whole cell)-Hepatitis B-Haemophilus influenzae type b,DTwP-HepB-Hib,Biological E. Limited,None used on labelling for supply through UN agencies.     Also marketed with labelled commercial name  ComBE Five (Liquid).,Liquid: ready to use,Vial,2,30,thiomersal,Intramuscular,2-8°C,Current,14,28,7.3,7.3,46.54,0,0,0,0,,NA,,3,$3.88,1.94
,287,Diphtheria-Tetanus-Pertussis (whole cell)-Hepatitis B-Haemophilus influenzae type b,DTwP-HepB-Hib,Biological E. Limited,None used on labelling for supply through UN agencies.     Also marketed with labelled commercial name  ComBE Five (Liquid).,Liquid: ready to use,Vial,5,30,thiomersal,Intramuscular,2-8°C,Current,14,28,2.9,2.9,18.62,0,0,0,0,,NA,,3,$9.18,1.836
,308,Diphtheria-Tetanus-Pertussis (whole cell)-Hepatitis B-Haemophilus influenzae type b,DTwP-HepB-Hib,PT Bio Farma (Persero),Pentabio,Liquid: ready to use,Vial,5,24,thiomersal,Intramuscular,2-8°C,Current,14,28,8,8,33.15,0,0,0,0,,NA,,3,$9.18,1.836
,87,Diphtheria-Tetanus-Pertussis (whole cell)-Hepatitis B-Haemophilus influenzae type b,DTwP-HepB-Hib,Panacea Biotec Ltd.,Easyfive-TT,Liquid: ready to use,Vial,10,36,thiomersal,Intramuscular,2-8°C,Current,14,28,3.2,3.2,16.65,0,0,0,0,,NA,,3,$7.80,0.78
,163,Diphtheria-Tetanus-Pertussis (whole cell)-Hepatitis B-Haemophilus influenzae type b,DTwP-HepB-Hib,Shantha Biotechnics Private Limited (A Sanofi Company),Shan-5,Liquid: ready to use,Vial,10,24,thiomersal,Intramuscular,2-8°C,Current,14,28,4.4,4.4,17.15,0,0,0,0,,NA,,3,$7.80,0.78
,225,Diphtheria-Tetanus-Pertussis (whole cell)-Hepatitis B-Haemophilus influenzae type b,DTwP-HepB-Hib,Serum Institute of India Pvt. Ltd.,"Diphtheria, Tetanus, Pertussis, Hepatitis B and Haemophilus influenzae type b Conjugate Vaccine Adsorbed",Liquid: ready to use,Vial,10,24,thiomersal,Intramuscular,2-8°C,Current,14,28,2.11,2.11,9.84,0,0,0,0,,NA,,3,$7.80,0.78
,275,Diphtheria-Tetanus-Pertussis (whole cell)-Hepatitis B-Haemophilus influenzae type b,DTwP-HepB-Hib,Biological E. Limited,None used on labelling for supply through UN agencies.     Also marketed with labelled commercial name  ComBE Five (Liquid).,Liquid: ready to use,Vial,10,30,thiomersal,Intramuscular,2-8°C,Current,14,28,2.9,2.9,21.13,0,0,0,0,,NA,,3,$7.80,0.78
,305,Diphtheria-Tetanus-Pertussis (whole cell)-Hepatitis B-Haemophilus influenzae type b,DTwP-HepB-Hib,LG Chem Ltd,Eupenta,Liquid: ready to use,Vial,10,36,thiomersal,Intramuscular,2-8°C,Current,14,28,2.9,2.9,16.7,0,0,0,0,,NA,,3,$7.80,0.78
,309,Diphtheria-Tetanus-Pertussis (whole cell)-Hepatitis B-Haemophilus influenzae type b,DTwP-HepB-Hib,PT Bio Farma (Persero),Pentabio,Liquid: ready to use,Vial,10,24,thiomersal,Intramuscular,2-8°C,Current,14,28,4,4,16.58,0,0,0,0,,NA,,3,$7.80,0.78
,,Diphtheria-Tetanus-Pertussis (whole cell)-Hepatitis B-Haemophilus influenzae type b,DTwP-HepB-Hib-IPV,Sanofi Healthcare India Private Limited,Shan6,Liquid: ready to use,Vial,1,30,thiomersal,Intramuscular,2-8°C,Current,11,NA,11.09,11.09,62.27,0,0,0,0,,NA,,3,,0
,,Diphtheria-Tetanus-Pertussis (whole cell)-Hepatitis B-Haemophilus influenzae type b,DTwP-HepB-Hib-IPV,Sanofi Healthcare India Private Limited,Shan6,Liquid: ready to use,Vial,5,30,thiomersal,Intramuscular,2-8°C,Current,11,28,3.04,3.04,20.76,0,0,0,0,,NA,,3,,0
,346,"Ebola Zaire (rVSV∆G-ZEBOV-GP, live attenuated)","Ebola-Vax (rVSV∆G-ZEBOV-GP, live attenuated)",Merck Vaccines,ERVEBO,Liquid: ready to use,Vial,1,36,none,Intramuscular,-70°C,Current,none,NA,16.42,16.42,249.01,0,0,0,0,NA,NA,,1,$63.00,63
,,Ebola vaccine (MVA-BN-Filo [recombinant]),Ebola-Vax (MVA-BN-Filo [recombinant]),"Janssen Vaccines, Branch of Cilag GmbH International",Mvabea,Liquid: ready to use,Vial,1,48,none,Intramuscular,-70°C,Current,none,NA,24.51,24.51,25.49,0,0,0,0,NA,NA,,2,#N/A,#N/A
,,Ebola vaccine (Ad26.ZEBOV-GP [recombinant]),Ebola-Vax (Ad26.ZEBOV-GP [recombinant]),"Janssen Vaccines, Branch of Cilag GmbH International",Zabdeno,Liquid: ready to use,Vial,1,48,none,Intramuscular,-70°C,Current,none,NA,24.51,24.51,25.49,0,0,0,0,NA,NA,,2,#N/A,#N/A
,208,"Influenza, pandemic H1N1",H1N1,Green Cross Corporation,Green Flu-S,Liquid: ready to use,Vial,1,12,none,Intramuscular,2-8°C,Current,none,NA,34.37,34.37,290.18,0,0,0,0,,NA,,1,#N/A,#N/A
,209,"Influenza, pandemic H1N1",H1N1,MedImmune,Influenza A (H1N1) 2009 monovalent vaccine,Liquid: ready to use,Sprayer,1,4.2,none,Intranasal,2-8°C,Current,none,NA,65.28,65.28,86.96,0,0,0,0,,NA,,1,#N/A,#N/A
,214,"Influenza, pandemic H1N1",H1N1,Sanofi Pasteur-USA,Influenza A (H1N1) 2009 monovalent vaccine,Liquid: ready to use,Vial,1,12,none,Intramuscular,2-8°C,Current,none,NA,18.36,18.36,22.39,0,0,0,0,,NA,,1,#N/A,#N/A
,257,"Influenza, pandemic H1N1",H1N1,Serum Institute of India Pvt. Ltd.,"NASOVAC Influenza Vaccine, Live Attenuated (Human) Freeze-Dried",Lyophilised active component  to be reconstituted with excipient diluent before use,Vial + Ampoule,1,0,none,Intranasal,2-8°C,Current,2,NA,17.58,17.58,98.4,No,16.7,16.7,18.7,,2-8°C,,1,$44.00,44
,258,"Influenza, pandemic H1N1",H1N1,Serum Institute of India Pvt. Ltd.,"NASOVAC Influenza Vaccine, Live Attenuated (Human) Freeze-Dried",Lyophilised active component  to be reconstituted with excipient diluent before use,Vial + Ampoule,5,0,none,Intranasal,2-8°C,Current,2,0,3.52,3.52,19.68,No,3.5,3.5,4.8,,2-8°C,,1,$44.00,8.8
,205,"Influenza, pandemic H1N1",H1N1,Seqirus Limited,Panvax,Liquid: ready to use,Vial,10,12,thiomersal,Intramuscular or deep subcutaneous,2-8°C,Current,none,28,3.08,3.08,4,0,0,0,0,,NA,,1,$44.00,4.4
,211,"Influenza, pandemic H1N1",H1N1,Seqirus Vaccines Limited,Focetria,Liquid: ready to use,Vial,10,12,thiomersal,Intramuscular,2-8°C,Current,none,0,2.36,2.36,2.96,0,0,0,0,,NA,,1,$44.00,4.4
,212,"Influenza, pandemic H1N1",H1N1,Seqirus Vaccines Limited,Fluvirin-H1N1,Liquid: ready to use,Vial,10,6,thiomersal,Intramuscular,2-8°C,Current,none,0,53.3,53.3,5.99,0,0,0,0,,NA,,1,$44.00,4.4
,213,"Influenza, pandemic H1N1",H1N1,Sanofi Pasteur SA,Panenza,Liquid: ready to use,Vial,10,12,thiomersal,Intramuscular,2-8°C,Current,none,0,2.31,2.31,3.06,0,0,0,0,,NA,,1,#N/A,#N/A
,215,"Influenza, pandemic H1N1",H1N1,Sanofi Pasteur-USA,Influenza A (H1N1) 2009 monovalent vaccine,Liquid: ready to use,Vial,10,12,thiomersal,Intramuscular,2-8°C,Current,none,0,6,6,8.62,0,0,0,0,,NA,,1,#N/A,#N/A
,210,"Influenza, pandemic H1N1",H1N1,Seqirus GmbH,Celtura,Liquid: ready to use,Vial,17,6,thiomersal,Intramuscular,2-8°C,Current,none,28,1.34,1.34,9.19,0,0,0,0,,NA,,1,#N/A,#N/A
,264,Hepatitis A (inactivated),HepA,GlaxoSmithKline Biologicals SA,Havrix 1440 Adult,Liquid: ready to use,Vial,1,36,none,Intramuscular,2-8°C,Current,30,NA,11.5,11.5,15.23,0,0,0,0,,NA,,1,$0.38,0.38
,265,Hepatitis A (inactivated),HepA,GlaxoSmithKline Biologicals SA,Havrix 720 Junior,Liquid: ready to use,Vial,1,36,none,Intramuscular,2-8°C,Current,30,NA,11.5,11.5,15.23,0,0,0,0,,NA,,1,$0.38,0.38
,9,Hepatitis B,HepB,PT Bio Farma (Persero),Hepatitis B  Vaccine Recombinant,Liquid: ready to use,Uniject,1,24,thiomersal,Intramuscular,2-8°C,Current,30,NA,12,12,12,0,0,0,0,,NA,,3,$0.38,0.38
,23,Hepatitis B,HepB,Centro de Ingenieria Genetica y Biotecnologia,Heberbiovac HB,Liquid: ready to use,Vial,1,48,thiomersal,Intramuscular,2-8°C,Current,30,NA,2.76,2.76,2.76,0,0,0,0,,NA,,3,$0.38,0.38
,38,Hepatitis B,HepB,GlaxoSmithKline Biologicals SA,Engerix,Liquid: ready to use,Vial,1,24,none,Intramuscular,2-8°C,Current,none,NA,0,0,0,0,0,0,0,,NA,,3,$0.38,0.38
,68,Hepatitis B,HepB,LG Chem Ltd,Euvax B,Liquid: ready to use,Vial,1,36,thiomersal,Intramuscular,2-8°C,Current,30,NA,14.53,14.53,68.52,0,0,0,0,,NA,,3,$0.38,0.38
,131,Hepatitis B,HepB,Serum Institute of India Pvt. Ltd.,Hepatitis B Vaccine (rDNA) (Adult),Liquid: ready to use,Ampoule or Vial,1,36,thiomersal,Intramuscular,2-8°C,Current,30,NA,14.1,14.1,65.6,0,0,0,0,,NA,,3,$0.38,0.38
,133,Hepatitis B,HepB,Serum Institute of India Pvt. Ltd.,Hepatitis B Vaccine (rDNA) (Paedriatic),Liquid: ready to use,Ampoule or Vial,1,36,thiomersal,Intramuscular,2-8°C,Current,30,NA,14.1,14.1,65.6,0,0,0,0,,NA,,3,$0.64,0.638
,153,Hepatitis B,HepB,Shantha Biotechnics Private Limited (A Sanofi Company),Shanvac-B,Liquid: ready to use,Vial,1,36,thiomersal,Intramuscular,2-8°C,Current,30,NA,16.8,16.8,68.22,0,0,0,0,,NA,,3,$0.64,0.638
,69,Hepatitis B,HepB,LG Chem Ltd,Euvax B,Liquid: ready to use,Vial,2,36,thiomersal,Intramuscular,2-8°C,Current,30,28,7.2,7.2,7.2,0,0,0,0,,NA,,3,$2.24,1.122
,154,Hepatitis B,HepB,Shantha Biotechnics Private Limited (A Sanofi Company),Shanvac-B,Liquid: ready to use,Vial,2,36,thiomersal,Intramuscular,2-8°C,Current,30,28,8.05,8.05,34.11,0,0,0,0,,NA,,3,$2.24,1.122
,70,Hepatitis B,HepB,LG Chem Ltd,Euvax B,Liquid: ready to use,Vial,6,36,thiomersal,Intramuscular,2-8°C,Current,30,28,4.66,4.66,4.66,0,0,0,0,,NA,,3,$1.67,0.278
,155,Hepatitis B,HepB,Shantha Biotechnics Private Limited (A Sanofi Company),Shanvac-B,Liquid: ready to use,Vial,6,36,thiomersal,Intramuscular,2-8°C,Current,30,28,3.73,3.73,18.27,0,0,0,0,,NA,,3,$1.67,0.278
,5,Hepatitis B,HepB,Janssen Vaccines Corp.,Hepavax-Gene,Liquid: ready to use,Vial,10,36,thiomersal,Intramuscular,2-8°C,Current: No Routine Production,30,28,3.7,3.7,12.89,0,0,0,0,,NA,,3,$1.67,0.167
,24,Hepatitis B,HepB,Centro de Ingenieria Genetica y Biotecnologia,Heberbiovac HB,Liquid: ready to use,Vial,10,48,thiomersal,Intramuscular,2-8°C,Current,30,28,2.76,2.76,2.76,0,0,0,0,,NA,,3,$1.67,0.167
,39,Hepatitis B,HepB,GlaxoSmithKline Biologicals SA,Engerix,Liquid: ready to use,Vial,10,24,thiomersal,Intramuscular,2-8°C,Current,none,0,0,0,0,0,0,0,0,,NA,,3,$1.67,0.167
,71,Hepatitis B,HepB,LG Chem Ltd,Euvax B,Liquid: ready to use,Vial,10,36,thiomersal,Intramuscular,2-8°C,Current,30,28,4.88,4.88,12.56,0,0,0,0,Yes,NA,Yes,3,$1.67,0.167
,130,Hepatitis B,HepB,Serum Institute of India Pvt. Ltd.,Hepatitis B Vaccine (rDNA) (Adult),Liquid: ready to use,Vial,10,36,thiomersal,Intramuscular,2-8°C,Current,30,28,2.12,2.12,9.84,0,0,0,0,,NA,,3,$1.67,0.167
,132,Hepatitis B,HepB,Serum Institute of India Pvt. Ltd.,Hepatitis B Vaccine (rDNA) (Paediatric),Liquid: ready to use,Vial,10,36,thiomersal,Intramuscular,2-8°C,Current,30,28,2.11,2.11,9.84,0,0,0,0,Yes,NA,No,3,$-,0
,156,Hepatitis B,HepB,Shantha Biotechnics Private Limited (A Sanofi Company),Shanvac-B,Liquid: ready to use,Vial,10,36,thiomersal,Intramuscular,2-8°C,Current,30,28,4.36,4.36,14.92,0,0,0,0,,NA,,3,$-,0
,40,Hepatitis B,HepB,GlaxoSmithKline Biologicals SA,Engerix,Liquid: ready to use,Vial,20,24,thiomersal,Intramuscular,2-8°C,Current,none,28,0,0,0,0,0,0,0,,NA,,3,$3.64,0.182
,157,Hepatitis B,HepB,Shantha Biotechnics Private Limited (A Sanofi Company),Shanvac-B,Liquid: ready to use,Vial,20,36,thiomersal,Intramuscular,2-8°C,Current,30,28,2.57,2.57,9.95,0,0,0,0,,NA,,3,$3.64,0.182
,34,Haemophilus influenzae type b,Hib_liq,Novartis Vaccines and Diagnostics S.r.l.,Vaxem HIB,Liquid: ready to use,Vial,1,36,none,Intramuscular,2-8°C,Current,30,NA,13.39,13.39,13.4,0,0,0,0,,NA,,3,$3.64,3.636
,72,Haemophilus influenzae type b,Hib_liq,Merck Vaccines,Pedvax HIB,Liquid: ready to use,Vial,1,36,none,Intramuscular,2-8°C,Current,none,NA,0,0,0,0,0,0,0,,NA,,3,$3.43,3.434
,197,Haemophilus influenzae type b,Hib_liq,Centro de Ingenieria Genetica y Biotecnologia,Quimi-Hib,Liquid: ready to use,Vial,1,36,thiomersal,Intramuscular,2-8°C,Current,14,NA,12.4,12.4,122.4,0,0,0,0,,NA,,3,$3.43,3.434
,109,Haemophilus influenzae type b,Hib_lyo,Sanofi Pasteur SA,Act-HIB,Lyophilised active component  to be reconstituted with excipient diluent before use,Vial,1,36,none,Intramuscular or Subcutaneous,2-8°C,Current,none,NA,12.66,12.66,12.66,0,0,0,0,,NA,,3,$30.30,30.3
,185,Haemophilus influenzae type b,Hib_lyo,Serum Institute of India Pvt. Ltd.,Hemophilus influenzae type b Conjugated Vaccine,Lyophilised active component  to be reconstituted with excipient diluent before use,Vial,1,36,none,Intramuscular,2-8°C,Current,30,NA,21.09,21.09,98.4,No,12.5,12.5,98.4,,2-8°C,,3,$4.50,4.5
,110,Haemophilus influenzae type b,Hib_lyo,Sanofi Pasteur SA,Act-HIB,Lyophilised active component  to be reconstituted with excipient diluent before use,Two vial set (active + excipient),10,36,none,Intramuscular or deep subcutaneous,2-8°C,Current: No Routine Production,none,0,0,0,0,0,0,0,0,,NA,,3,$4.50,0.45
,178,HPV,HPV,Merck Vaccines,Gardasil,Liquid: ready to use,Vial,1,36,none,Intramuscular,2-8°C,Current,30,NA,15,15,21.16,0,0,0,0,Yes,NA,Yes,2,$4.50,4.5
,179,HPV,HPV,GlaxoSmithKline Biologicals SA,Cervarix,Liquid: ready to use,Vial,1,48,none,Intramuscular,2-8°C,Current,30,NA,9.68,9.68,15.23,0,0,0,0,Yes,NA,,2,$6.00,6
,180,HPV,HPV,GlaxoSmithKline Biologicals SA,Cervarix,Liquid: ready to use,Vial,2,48,none,Intramuscular,2-8°C,Current,30,0,4.84,4.84,7.61,0,0,0,0,Yes,NA,,2,$10.36,5.18
,371,HPV,HPV,Xiamen Innovax Biotech Co. Ltd.,Cecolin®,Liquid: ready to use,Vial,1,36,none,Intramuscular,2-8°C,Current,14,NA,14.29,14.29,20.35,0,0,0,0,Yes,NA,,2,$4.50,4.5
,201,"Influenza, seasonal",Influenza,Sanofi Pasteur-USA,Fluzone,Liquid: ready to use,Vial,1,18,none,Intramuscular,2-8°C,Current,none,NA,18.36,18.36,22.39,0,0,0,0,,NA,,2,#N/A,#N/A
,233,"Influenza, seasonal",Influenza,Green Cross Corporation,GC FLU  inj,Liquid: ready to use,Vial,1,12,none,Intramuscular,2-8°C,Current,7,NA,13.93,13.93,290.18,0,0,0,0,,NA,,1,#N/A,#N/A
,284,"Influenza, seasonal",Influenza,Serum Institute of India Pvt. Ltd.,"Nasovac-S Influenza Vaccine, Live, Attenuated (Human)",Lyophilised active component  to be reconstituted with excipient diluent before use,Vial + Ampoule,1,0,none,Intranasal,2-8°C,Current,2,NA,17.58,17.58,98.4,No,0,0,0,,NA,,1,#N/A,#N/A
,292,"Influenza, seasonal",Influenza,"Hualan Biological Bacterin Co., Ltd","Influenza Vaccine (Split virion, inactivated)",Liquid: ready to use,Vial,1,12,none,Intramuscular,2-8°C,Current,7,NA,0,0,40.04,0,0,0,0,,NA,,1,#N/A,#N/A
,192,"Influenza, seasonal",Influenza,GlaxoSmithKline Biologicals SA,FluLaval,Liquid: ready to use,Vial,10,12,thiomersal,Intramuscular,2-8°C,Current,7,28,7.32,7.32,7.32,0,0,0,0,,NA,,1,#N/A,#N/A
,199,"Influenza, seasonal",Influenza,Seqirus Vaccines Limited,Fluvirin,Liquid: ready to use,Vial,10,12,thiomersal,Intramuscular,2-8°C,Current,none,28,53.3,53.3,5.99,0,0,0,0,,NA,,1,#N/A,#N/A
,202,"Influenza, seasonal",Influenza,Sanofi Pasteur-USA,Fluzone,Liquid: ready to use,Vial,10,18,thiomersal,Intramuscular,2-8°C,Current,none,28,5.8,5.8,8.62,0,0,0,0,,NA,,1,#N/A,#N/A
,238,"Influenza, seasonal",Influenza,Sanofi Pasteur SA,Vaxigrip,Liquid: ready to use,Vial,10,12,thiomersal,Intramuscular or Subcutaneous,2-8°C,Current,7,28,2.4,2.4,2.85,0,0,0,0,,NA,,1,#N/A,#N/A
,256,"Influenza, seasonal",Influenza,Green Cross Corporation,GC FLU Multi inj.,Liquid: ready to use,Vial,10,12,thiomersal,Intramuscular,2-8°C,Current,7,28,3.76,3.76,19.35,0,0,0,0,,NA,,1,#N/A,#N/A
,316,"Influenza, seasonal",Influenza,Seqirus Vaccines Limited,AGRIFLU,Liquid: ready to use,Vial,10,12,thiomersal,Intramuscular,2-8°C,Current,2,28,52.92,52.92,5.84,0,0,0,0,,NA,,1,#N/A,#N/A
,295,"Influenza, seasonal Quadrivalent",Influenza (Quadrivalent),Sanofi Pasteur-USA,Fluzone Quadrivalent,Liquid: ready to use,Vial,1,18,none,Intramuscular,2-8°C,Current,2,NA,18.4,18.4,19.46,0,0,0,0,,NA,,1,#N/A,#N/A
,307,"Influenza, seasonal Quadrivalent",Influenza (Quadrivalent),Green Cross Corporation,GCFLU Quadrivalent inj.,Liquid: ready to use,Vial,1,12,none,Intramuscular,2-8°C,Current,7,NA,13.9,13.9,76.78,0,0,0,0,,NA,,1,#N/A,#N/A
,296,"Influenza, seasonal Quadrivalent",Influenza (Quadrivalent),Sanofi Pasteur-USA,Fluzone Quadrivalent,Liquid: ready to use,Vial,10,18,thiomersal,Intramuscular,2-8°C,Current,2,28,5.4,5.4,7.22,0,0,0,0,,NA,,1,$2.80,0.28
,331,"Influenza, seasonal Quadrivalent",Influenza (Quadrivalent),Green Cross Corporation,GCFLU Quadrivalent Multi inj.,Liquid: ready to use,Vial,10,12,thiomersal,Intramuscular,2-8°C,Current,7,0,3.76,3.76,76.78,0,0,0,0,,NA,,1,$2.80,0.28
,219,Polio Vaccine - Inactivated (IPV),IPV,GlaxoSmithKline Biologicals SA,Poliorix,Liquid: ready to use,Vial,1,36,2-phenoxyethanol,Intramuscular,2-8°C,Current,14,NA,9.68,9.68,15.42,0,0,0,0,,NA,,3,$2.80,2.8
,230,Polio Vaccine - Inactivated (IPV),IPV,Bilthoven Biologicals,Poliomyelitis vaccine,Liquid: ready to use,Vial,1,36,2-phenoxyethanol,Intramuscular or Subcutaneous,2-8°C,Current,7,NA,15.7,15.7,130.56,0,0,0,0,No,NA,No,3,$2.80,2.8
,231,Polio Vaccine - Inactivated (IPV),IPV,AJ Vaccines A/S,IPV Vaccine SSI,Liquid: ready to use,Vial,1,36,none,Intramuscular or Subcutaneous,2-8°C,Current,7,NA,12.94,12.94,101.4,0,0,0,0,,NA,,3,$2.80,2.8
,325,Polio Vaccine - Inactivated (IPV),IPV,Serum Institute of India Pvt. Ltd.,Poliomyelitis Vaccine (Inactivated),Liquid: ready to use,Vial,1,36,2-phenoxyethanol,Intramuscular or Subcutaneous,2-8°C,Current,7,NA,17.58,17.58,86.4,0,0,0,0,,NA,,3,$2.80,2.8
,363,Polio Vaccine - Inactivated (IPV),IPV,LG Chem Ltd,Eupolio Inj.,Liquid: ready to use,Vial,1,36,none,Intramuscular,2-8°C,Current,7,NA,13.57,13.57,78.88,0,0,0,0,,NA,,3,$2.80,2.8
,220,Polio Vaccine - Inactivated (IPV),IPV,GlaxoSmithKline Biologicals SA,Poliorix,Liquid: ready to use,Vial,2,36,2-phenoxyethanol,Intramuscular,2-8°C,Current,14,0,4.84,4.84,7.71,0,0,0,0,,NA,,3,$9.50,4.75
,324,Polio Vaccine - Inactivated (IPV),IPV,Serum Institute of India Pvt. Ltd.,Poliomyelitis Vaccine (Inactivated),Liquid: ready to use,Vial,2,36,2-phenoxyethanol,Intramuscular or Subcutaneous,2-8°C,Current,7,28,8.79,8.79,43.2,0,0,0,0,,NA,,3,$9.50,4.75
,283,Polio Vaccine - Inactivated (IPV),IPV,Bilthoven Biologicals,"Poliomyelitis vaccine multidose, suspension for injection 2.5 mL",Liquid: ready to use,Vial,5,36,2-phenoxyethanol,Intramuscular or Subcutaneous,2-8°C,Current,7,28,4,4,8.97,0,0,0,0,,NA,,3,$9.75,1.95
,289,Polio Vaccine - Inactivated (IPV),IPV,Serum Institute of India Pvt. Ltd.,Poliomyelitis Vaccine (Inactivated),Liquid: ready to use,Vial,5,36,2-phenoxyethanol,Intramuscular or Subcutaneous,2-8°C,Current,7,28,3.52,3.52,17.28,0,0,0,0,,NA,,3,$9.75,1.95
,232,Polio Vaccine - Inactivated (IPV),IPV,AJ Vaccines A/S,Picovax,Liquid: ready to use,Vial,5,24,2-phenoxyethanol,Intramuscular,2-8°C,Current,7,28,6.82,6.82,26.96,0,0,0,0,,NA,,3,$9.75,1.95
,369,Polio Vaccine - Inactivated (IPV),IPV,LG Chem Ltd,Eupolio Inj.,Liquid: ready to use,Vial,5,36,2-phenoxyethanol,Intramuscular,2-8°C,Current,7,28,2.97,2.97,16.78,0,0,0,0,,NA,,3,$9.75,1.95
,,Polio Vaccine - Inactivated (IPV),IPV,Sanofi Healthcare India Private Limited,ShanIPV™,Liquid: ready to use,Vial,5,36,2-phenoxyethanol,Intramuscular or Subcutaneous,2-8°C,Current,11,28,6.08,6.08,41.78,0,0,0,0,,NA,,3,$9.75,1.95
,98,Polio Vaccine - Inactivated (IPV),IPV,Sanofi Pasteur SA,IMOVAX POLIO,Liquid: ready to use,Vial,10,36,2-phenoxyethanol,Intramuscular or Subcutaneous,2-8°C,Current,7,28,2.46,2.46,2.46,0,0,0,0,,NA,,3,$22.40,2.24
,,Polio Vaccine - Inactivated (IPV),IPV,Sanofi Healthcare India Private Limited,ShanIPV™,Liquid: ready to use,Vial,10,36,2-phenoxyethanol,Intramuscular or Subcutaneous,2-8°C,Current,11,28,3.04,3.04,20.89,0,0,0,0,,NA,,3,,0
,,Polio Vaccine - Inactivated Sabin (sIPV),sIPV,"Beijing Institute of Biological Products Co., Ltd.","Poliomyelitis Vaccine (Vero Cell), Inactivated, Sabin Strains",Liquid: ready to use,Vial,1,24,none,Intramuscular,2-8°C,Current,7,NA,21.18,21.18,28.9,0,0,0,0,,NA,,3,,0
,,Polio Vaccine - Inactivated Sabin (sIPV),sIPV,Sinovac Biotech Co. Ltd,"Poliomyelitis Vaccine (Vero Cell), Inactivated, Sabin Strains",Liquid: ready to use,Vial,1,24,none,Intramuscular,2-8°C,Current,7,NA,12.2,12.2,90,0,0,0,0,,NA,,3,,0
,263,Japanese Encephalitis Vaccine (Inactivated),JE_liq,Biological E. Limited,JEEV Pediatric,Liquid: ready to use,Vial,1,36,none,Intramuscular,2-8°C,Current,14,NA,14.7,14.7,93.08,0,0,0,0,Yes,NA,,3,$1.80,1.8
,321,Japanese Encephalitis Vaccine (Inactivated),JE_liq,Biological E. Limited,JEEV Pediatric,Liquid: ready to use,Vial,5,24,none,Intramuscular,2-8°C,Current,14,28,2.9,2.9,19.58,0,0,0,0,Yes,NA,,3,$6.50,1.3
,271,"Japanese Encephalitis Vaccine (live, attenuated)",JE_lyo,"Chengdu Institute of Biological Products Co.,Ltd",Japanese Encephalitis Vaccine Live (SA14-14-2),Lyophilised active component  to be reconstituted with excipient diluent before use,Two vial set (active + excipient),1,24,none,Subcutaneous,2-8°C,Current,14,NA,21.2,21.2,197.1,No,0,0,0,,NA,,3,$1.34,1.34
,276,"Japanese Encephalitis Vaccine (live, attenuated)",JE_lyo,"GPO-MBP Co., Ltd.",IMOJEV MD,Lyophilised active component  to be reconstituted with excipient diluent before use,Two vial set (active + excipient),4,36,none,Subcutaneous,2-8°C,Current,14,0,2.5,2.5,12.57,No,0,0,0,,2-8°C,,3,$4.30,1.075
,272,"Japanese Encephalitis Vaccine (live, attenuated)",JE_lyo,"Chengdu Institute of Biological Products Co.,Ltd",Japanese Encephalitis Vaccine Live (SA14-14-2),Lyophilised active component  to be reconstituted with excipient diluent before use,Two vial set (active + excipient),5,24,none,Subcutaneous,2-8°C,Current,14,0,4.2,4.2,39.42,No,0,0,0,,NA,,3,$2.20,0.44
,145,Measles,Measles,Serum Institute of India Pvt. Ltd.,"Measles Vaccine, Live, Attenuated",Lyophilised active component  to be reconstituted with excipient diluent before use,Vial,1,24,none,Subcutaneous,2-8°C,Current,14,NA,21.09,21.09,98.4,No,12.5,12.5,0,,2-8°C,,2,$3.24,3.243
,146,Measles,Measles,Serum Institute of India Pvt. Ltd.,"Measles Vaccine, Live, Attenuated",Lyophilised active component  to be reconstituted with excipient diluent before use,Vial,2,24,none,Subcutaneous,2-8°C,Current,14,0,10.55,10.55,49.2,No,6.3,6.3,0,,2-8°C,,2,$2.65,1.325
,147,Measles,Measles,Serum Institute of India Pvt. Ltd.,"Measles Vaccine, Live, Attenuated",Lyophilised active component  to be reconstituted with excipient diluent before use,Vial,5,24,none,Subcutaneous,2-8°C,Current,14,0,4.22,4.22,19.68,No,5.5,5.5,0,,2-8°C,,2,$2.40,0.48
,17,Measles,Measles,PT Bio Farma (Persero),Measles vaccine,Lyophilised active component  to be reconstituted with excipient diluent before use,Vial,10,36,none,Subcutaneous,2-8°C,Current,14,0,1.3,1.3,1.3,No,0,0,0,,NA,,2,$3.60,0.36
,106,Measles,Measles,Sanofi Pasteur SA,ROUVAX,Lyophilised active component  to be reconstituted with excipient diluent before use,Vial,10,36,none,Intramuscular or Subcutaneous,2-8°C,Current,14,0,2.31,2.31,2.31,No,0,0,0,,NA,,2,$3.60,0.36
,148,Measles,Measles,Serum Institute of India Pvt. Ltd.,"Measles Vaccine, Live, Attenuated",Lyophilised active component  to be reconstituted with excipient diluent before use,Vial,10,24,none,Subcutaneous,2-8°C,Current,14,0,2.11,2.11,9.84,No,3.1,3.1,0,,2-8°C,,2,$3.60,0.36
,252,Measles,Measles,PT Bio Farma (Persero),Measles vaccine,Lyophilised active component  to be reconstituted with excipient diluent before use,Vial,20,36,none,Subcutaneous,2-8°C,Current,14,0,1.65,1.65,1.65,No,0,0,0,,NA,,2,#N/A,#N/A
,196,Meningococcal A Conjugate,Men-A,Serum Institute of India Pvt. Ltd.,MenAfriVac A Conjugate Vaccine,Lyophilised active component  to be reconstituted with excipient diluent before use,Vial + Ampoule,10,36,thiomersal,Intramuscular,2-8°C,Current,30,0,2.11,2.11,9.84,No,3.1,3.1,0,,2-8°C,,1,$8.50,0.85
,286,Meningococcal A Conjugate (paediatric),Men-A (paediatric),Serum Institute of India Pvt. Ltd.,MenAfriVac 5 micrograms,Lyophilised active component  to be reconstituted with excipient diluent before use,Vial + Ampoule,10,36,thiomersal,Intramuscular,2-8°C,Current,30,0,2.11,2.11,9.84,No,3.1,3.1,14.5,,2-8°C,,2,$6.50,0.65
,113,Meningococcal A+C,Men-A+C,Sanofi Pasteur SA,POLYSACCHARIDE MENINGOCOCCAL A+C VACCINE,Lyophilised active component  to be reconstituted with excipient diluent before use,Two vial set (active + excipient),10,36,none,Intramuscular,2-8°C,Current,30,0,2.31,2.31,2.31,No,2.3,2.3,0,,2-8°C,,#N/A,#N/A,#N/A
,267,Meningococcal ACYW-135 (conjugate vaccine),Men-ACYW-135,Novartis Vaccines and Diagnostics S.r.l.,Menveo,Lyophilised active component to be reconstituted with liquid active component before use,Two vial set (active + active),1,36,none,Intramuscular,2-8°C,Current,14,NA,32.6,32.6,32.06,0,0,0,0,,NA,,#N/A,#N/A,#N/A
,269,Meningococcal ACYW-135 (conjugate vaccine),Men-ACYW-135,Sanofi Pasteur-USA,Menactra,Liquid: ready to use,Vial,1,24,none,Intramuscular,2-8°C,Current,7,NA,20.48,20.48,128.02,0,0,0,0,,NA,,#N/A,#N/A,#N/A
,301,Meningococcal ACYW-135 (conjugate vaccine),Men-ACYW-135,Pfizer,Nimenrix,Lyophilised active component  to be reconstituted with excipient diluent before use,Vial + Ampoule,1,36,none,Intramuscular,2-8°C,Current,30,NA,9.68,9.68,15.42,No,10.3,10.3,11.7,,2-8°C,,#N/A,$2.37,2.37
,,Meningococcal ACYW-135 Tetanus Toxoid (conjugate vaccine),Men-ACYW-135,Sanofi Pasteur Inc.,MenQuadfi,Liquid: ready to use,Vial,1,48,none,Intramuscular,2-8°C,Current,14,NA,14.38,14.38,20.51,0,0,0,0,,NA,,#N/A,#N/A,#N/A
,262,Meningococcal ACYW-135 (polysaccharide),Men-ACYW-135 (polysaccharide),Sanofi Pasteur-USA,Menomune,Lyophilised active component  to be reconstituted with excipient diluent before use,Two vial set (active + excipient),10,24,thiomersal,Subcutaneous,2-8°C,Current,30,28,11.13,11.13,12.26,Yes,0,0,0,,2-8°C,,#N/A,$2.37,0.237
,,Menigococcal ACYWX (Polysaccharide conjugate),Men-ACYW,Serum Institute of India Pvt. Ltd.,MenFive™,Lyophilised active component  to be reconstituted with excipient diluent before use,Vial + Ampoule,1,36,none,Intramuscular,2-8°C,Current,30,NA,15.81,15.81,20.22,Yes,12.2,12.2,16.1,,2-8°C,,,,0
,,Menigococcal ACYWX (Polysaccharide conjugate),Men-ACYW,Serum Institute of India Pvt. Ltd.,MenFive™,Lyophilised active component  to be reconstituted with excipient diluent before use,Vial + Ampoule,5,36,none,Intramuscular,2-8°C,Current,30,0,,,,Yes,,,,,,,,,0
,61,"Measles, Mumps and Rubella",MMR,GlaxoSmithKline Biologicals SA,Priorix,Lyophilised active component  to be reconstituted with excipient diluent before use,Vial,1,24,none,Intramuscular or Subcutaneous,2-8°C,Current,7,NA,9.6,9.6,15.23,No,25.7,25.7,31.2,,2-8°C,,2,$2.37,2.37
,107,"Measles, Mumps and Rubella",MMR,Sanofi Pasteur SA,TRIMOVAX MÉRIEUX,Lyophilised active component  to be reconstituted with excipient diluent before use,Vial,1,24,none,Intramuscular or Subcutaneous,2-8°C,Current,none,NA,11.72,11.72,11.72,No,0,0,0,,NA,,2,$2.37,2.37
,141,"Measles, Mumps and Rubella",MMR,Serum Institute of India Pvt. Ltd.,"Measles, Mumps and Rubella Vaccine, Live, Attenuated",Lyophilised active component  to be reconstituted with excipient diluent before use,Vial,1,24,none,Subcutaneous,2-8°C,Current,14,NA,21.09,21.09,98.4,No,12.5,12.5,0,,2-8°C,,2,$4.00,4
,167,"Measles, Mumps and Rubella",MMR,Merck Vaccines,rHA M-M-R II,Lyophilised active component  to be reconstituted with excipient diluent before use,Vial,1,24,none,Intramuscular,2-8°C,Current,7,NA,15,15,19.92,No,0,0,0,,NA,,2,$4.00,4
,142,"Measles, Mumps and Rubella",MMR,Serum Institute of India Pvt. Ltd.,"Measles, Mumps and Rubella Vaccine, Live, Attenuated",Lyophilised active component  to be reconstituted with excipient diluent before use,Vial,2,24,none,Subcutaneous,2-8°C,Current,14,0,10.55,10.55,49.2,No,6.3,6.3,0,,2-8°C,,2,$5.73,2.865
,251,"Measles, Mumps and Rubella",MMR,GlaxoSmithKline Biologicals SA,Priorix,Lyophilised active component  to be reconstituted with excipient diluent before use,Vial,2,24,none,Intramuscular or Subcutaneous,2-8°C,Current,7,0,4.8,4.8,7.61,No,12.8,12.8,15.6,,2-8°C,,2,$11.30,5.65
,143,"Measles, Mumps and Rubella",MMR,Serum Institute of India Pvt. Ltd.,"Measles, Mumps and Rubella Vaccine, Live, Attenuated",Lyophilised active component  to be reconstituted with excipient diluent before use,Vial,5,24,none,Subcutaneous,2-8°C,Current,14,0,4.22,4.22,19.68,No,5.5,5.5,0,No,2-8°C,No,2,$11.30,2.26
,108,"Measles, Mumps and Rubella",MMR,Sanofi Pasteur SA,TRIMOVAX MÉRIEUX,Lyophilised active component  to be reconstituted with excipient diluent before use,Vial,10,24,none,Intramuscular or Subcutaneous,2-8°C,Current,14,0,2.31,2.31,2.31,No,0,0,0,,NA,,2,$1.08,0.108
,144,"Measles, Mumps and Rubella",MMR,Serum Institute of India Pvt. Ltd.,"Measles, Mumps and Rubella Vaccine, Live, Attenuated",Lyophilised active component  to be reconstituted with excipient diluent before use,Vial,10,24,none,Subcutaneous,2-8°C,Current,14,0,2.11,2.11,9.84,No,3.1,3.1,0,,2-8°C,,2,$2.16,0.216
,181,Polio Vaccine - Oral (OPV) Monovalent Type 1,mOPV1,GlaxoSmithKline Biologicals SA,Polio Sabin Mono T1,Liquid: ready to use,Vial,10,24,none,Oral,-20°C,Current,2,28,0.97,0.97,3.98,0,0,0,0,,NA,,2,$2.16,0.216
,115,Polio Vaccine - Oral (OPV) Monovalent Type 1,mOPV1,Sanofi Pasteur SA,ORAL MONOVALENT TYPE 1 POLIOMYELITIS VACCINE,Liquid: ready to use,Vial,20,24,none,Oral,-20°C,Current,2,28,0.48,0.48,0.48,0,0,0,0,,NA,,2,$2.16,0.108
,182,Polio Vaccine - Oral (OPV) Monovalent Type 1,mOPV1,GlaxoSmithKline Biologicals SA,Polio Sabin Mono T1,Liquid: ready to use,Vial,20,24,none,Oral,-20°C,Current,2,28,0.48,0.48,1.99,0,0,0,0,,NA,,2,$2.16,0.108
,186,Polio Vaccine - Oral (OPV) Monovalent Type 1,mOPV1,Haffkine Bio Pharmaceutical Corporation Ltd,"Monovalent type 1 Oral Poliomyelitis vaccine, IP (mOPV1)",Liquid: ready to use,Vial,20,24,none,Oral,-20°C,Current,2,28,0.94,0.94,4.21,0,0,0,0,,NA,,2,$1.08,0.054
,189,Polio Vaccine - Oral (OPV) Monovalent Type 1,mOPV1,PT Bio Farma (Persero),Monovalent Oral Poliomyelitis Vaccine Type 1 (mOPV1),Liquid: ready to use,Vial,20,24,none,Oral,-20°C,Current,2,28,0.55,0.55,4.14,0,0,0,0,,NA,,2,$2.16,0.108
,235,Polio Vaccine - Oral (OPV) Monovalent Type 2,mOPV2,GlaxoSmithKline Biologicals SA,Polio Sabin Mono Two (oral),Liquid: ready to use,Vial,10,24,none,Oral,-20°C,Current,2,28,0.97,0.97,7.71,0,0,0,0,,NA,,2,$2.16,0.216
,234,Polio Vaccine - Oral (OPV) Monovalent Type 2,mOPV2,GlaxoSmithKline Biologicals SA,Polio Sabin Mono Two (oral),Liquid: ready to use,Vial,20,24,none,Oral,-20°C,Current,2,28,0.48,0.48,3.85,0,0,0,0,,NA,,2,$1.38,0.069
,299,Polio Vaccine - Oral (OPV) Monovalent Type 2,mOPV2,Sanofi Pasteur SA,ORAL MONOVALENT TYPE 2 POLIOMYELITIS VACCINE (mOPV2),Liquid: ready to use,Vial,20,24,none,Oral,-20°C,Current,2,28,0.49,0.49,2.42,0,0,0,0,,NA,,2,$2.75,0.138
,227,Polio Vaccine - Oral (OPV) Monovalent Type 3,mOPV3,GlaxoSmithKline Biologicals SA,Polio Sabin Mono Three (oral),Liquid: ready to use,Vial,10,24,none,Oral,-20°C,Current,2,28,0.97,0.97,3.98,0,0,0,0,,NA,,2,$2.75,0.275
,228,Polio Vaccine - Oral (OPV) Monovalent Type 3,mOPV3,GlaxoSmithKline Biologicals SA,Polio Sabin Mono Three (oral),Liquid: ready to use,Vial,20,24,none,Oral,-20°C,Current,2,28,0.48,0.48,1.99,0,0,0,0,,NA,,2,$5.75,0.287
,300,Polio Vaccine - Oral (OPV) Monovalent Type 3,mOPV3,Sanofi Pasteur SA,ORAL MONOVALENT TYPE 3 POLIOMYELITIS VACCINE,Liquid: ready to use,Vial,20,24,none,Oral,-20°C,Current,2,28,0.49,0.49,2.42,0,0,0,0,,NA,,2,$5.75,0.287
,137,Measles and Rubella,MR,Serum Institute of India Pvt. Ltd.,"Measles and Rubella Vaccine, Live, Attenuated",Lyophilised active component  to be reconstituted with excipient diluent before use,Vial,1,24,none,Subcutaneous,2-8°C,Current,14,NA,21.09,21.09,98.4,No,12.5,12.5,0,,2-8°C,,2,$4.67,4.666
,343,Measles and Rubella,MR,Biological E. Limited,Measles and Rubella Vaccine (Live),Lyophilised active component  to be reconstituted with excipient diluent before use,Vial + Ampoule,1,24,none,Subcutaneous,2-8°C,Current,14,NA,14.09,14.09,71.49,No,7.8,7.8,9.3,,2-8°C,,2,$2.51,2.506
,138,Measles and Rubella,MR,Serum Institute of India Pvt. Ltd.,"Measles and Rubella Vaccine, Live, Attenuated",Lyophilised active component  to be reconstituted with excipient diluent before use,Vial,2,24,none,Subcutaneous,2-8°C,Current,14,0,10.55,10.55,49.2,No,6.3,6.3,0,,2-8°C,,2,$2.51,1.253
,139,Measles and Rubella,MR,Serum Institute of India Pvt. Ltd.,"Measles and Rubella Vaccine, Live, Attenuated",Lyophilised active component  to be reconstituted with excipient diluent before use,Vial,5,24,none,Subcutaneous,2-8°C,Current,14,0,4.22,4.22,19.68,No,5.5,5.5,0,,2-8°C,,2,$4.70,0.94
,344,Measles and Rubella,MR,Biological E. Limited,Measles and Rubella Vaccine (Live),Lyophilised active component  to be reconstituted with excipient diluent before use,Vial + Ampoule,5,24,none,Subcutaneous,2-8°C,Current,14,0,2.67,2.67,14.3,No,3.3,3.3,3.6,,2-8°C,,2,$4.70,0.94
,140,Measles and Rubella,MR,Serum Institute of India Pvt. Ltd.,"Measles and Rubella Vaccine, Live, Attenuated",Lyophilised active component  to be reconstituted with excipient diluent before use,Vial,10,24,none,Subcutaneous,2-8°C,Current,14,0,2.11,2.11,9.84,No,3.1,3.1,0,No,2-8°C,No,2,$7.80,0.78
,345,Measles and Rubella,MR,Biological E. Limited,Measles and Rubella Vaccine (Live),Lyophilised active component  to be reconstituted with excipient diluent before use,Vial + Ampoule,10,24,none,Subcutaneous,2-8°C,Current,14,0,1.78,1.78,8.94,No,2.1,2.1,2.4,,2-8°C,,2,$7.80,0.78
,116,cholera: inactivated oral,OCV,Valneva Sweden AB,Dukoral,Liquid: ready to use,Vial + Buffer Sachet,1,36,none,Oral,2-8°C,Current,none,NA,136,136,136,Yes,0,0,0,,NA,,2,$2.04,2.035
,249,cholera: inactivated oral,OCV,Shantha Biotechnics Private Limited (A Sanofi Company),Shanchol,Liquid: ready to use,Vial,1,30,thiomersal,Oral,2-8°C,Current,30,NA,16.8,16.8,63.26,0,0,0,0,,NA,,0,$3.13,3.13
,298,cholera: inactivated oral,OCV,"EuBiologics Co., Ltd.",Euvichol,Liquid: ready to use,Vial,1,24,none,Oral,2-8°C,Current,30,NA,11,11,64.6,0,0,0,0,,NA,,0,$1.28,1.28
,336,cholera: inactivated oral,OCV,"EuBiologics Co., Ltd.",Euvichol-Plus,Liquid: ready to use,Plastic Tube,1,24,none,Oral,2-8°C,Current,30,NA,7.85,7.85,38.66,0,0,0,0,,NA,,0,$1.28,1.28
,191,Pneumococcal (conjugate),PCV10,GlaxoSmithKline Biologicals SA,Synflorix,Liquid: ready to use,Vial,1,48,none,Intramuscular,2-8°C,Current,30,NA,9.68,9.68,15.23,0,0,0,0,,NA,,3,$7.00,7
,350,Pneumococcal (conjugate),PCV10,Serum Institute of India Pvt. Ltd.,PNEUMOSIL,Liquid: ready to use,Vial,1,36,none,Intramuscular or Subcutaneous,2-8°C,Current,30,NA,17.58,17.58,86.4,0,0,0,0,Yes,NA,,3,$2.90,2.9
,198,Pneumococcal (conjugate),PCV10,GlaxoSmithKline Biologicals SA,Synflorix,Liquid: ready to use,Vial,2,48,none,Intramuscular,2-8°C,Current,30,0,4.8,4.8,7.61,0,0,0,0,,NA,,3,$13.00,6.5
,318,Pneumococcal (conjugate),PCV10,GlaxoSmithKline Biologicals SA,Synflorix,Liquid: ready to use,Vial,4,36,2-phenoxyethanol,Intramuscular,2-8°C,Current,30,28,2.4,2.4,3.54,0,0,0,0,,NA,,3,$12.20,3.05
,351,Pneumococcal (conjugate),PCV10,Serum Institute of India Pvt. Ltd.,PNEUMOSIL,Liquid: ready to use,Vial,5,36,thiomersal,Intramuscular,2-8°C,Current,30,28,3.52,3.52,1.73,0,0,0,0,Yes,NA,,3,$10.00,2
,221,Pneumococcal (conjugate),PCV13,Pfizer,Prevenar 13,Liquid: ready to use,Vial,1,36,none,Intramuscular,2-8°C,Current,30,NA,12,12,12,0,0,0,0,,NA,,3,$3.30,3.3
,317,Pneumococcal (conjugate),PCV13,Pfizer,Prevenar 13 Multidose Vial,Liquid: ready to use,Vial,4,24,2-phenoxyethanol,Intramuscular,2-8°C,Current,30,28,3.6,3.6,36.28,0,0,0,0,,NA,,3,$11.60,2.9
,27,Rabies,Rabies,Chiron Behring Vaccines Private Ltd.,Rabipur,Lyophilised active component  to be reconstituted with excipient diluent before use,Vial,1,48,none,Intramuscular,2-8°C,Current,30,NA,48,48,378.28,Yes,0,0,0,,2-8°C,,3,$-,0
,28,Rabies,Rabies,Novartis Vaccines and Diagnostics GmbH,Rabipur,Lyophilised active component  to be reconstituted with excipient diluent before use,Vial,1,48,none,Intramuscular,2-8°C,Current,none,NA,174,174,174,Yes,0,0,0,,2-8°C,,3,$2.63,2.632
,111,Rabies,Rabies,Sanofi Pasteur SA,VERORAB,Lyophilised active component  to be reconstituted with excipient diluent before use,Vial,1,36,none,Intramuscular,2-8°C,Current,none,NA,50.5,50.5,50.5,Yes,0,0,0,,2-8°C,,3,$2.63,2.632
,62,Rotavirus,Rota_Liq,GlaxoSmithKline Biologicals SA,Rotarix,Liquid: ready to use,Plastic Tube,1,36,none,Oral,2-8°C,Current,14,NA,17.13,17.13,24.67,0,0,0,0,,NA,,3,$2.63,2.632
,166,Rotavirus,Rota_Liq,Merck Vaccines,Rotateq,Liquid: ready to use,Plastic Tube,1,24,none,Oral,2-8°C,Current,none,NA,46.3,46.3,49.45,0,0,0,0,,NA,,3,,0
,173,Rotavirus,Rota_Liq,GlaxoSmithKline Biologicals SA,Rotarix,Liquid: ready to use,Applicator,1,36,none,Oral,2-8°C,Current,14,NA,85.3,85.3,123.33,0,0,0,0,,NA,,2,$4.75,4.75
,339,Rotavirus,Rota_liq,GlaxoSmithKline Biologicals SA,Rotarix,Liquid: ready to use,5 Multi-monodoses (plastic tubes),1,24,none,Oral,2-8°C,Current,7,NA,11.8,11.8,0.24,0,0,0,0,,NA,,2,$9.50,9.5
,321,Rotavirus,Rota_Liq_frozen,Bharat Biotech International Limited,Rotavac,Liquid: ready to use,Vial,5,60,none,Oral,-20°C,Current,2,28,4.2,4.2,5.15,0,0,0,0,,NA,,3,$4.25,0.85
,322,Rotavirus,Rota_Liq_frozen,Bharat Biotech International Limited,Rotavac,Liquid: ready to use,Vial,10,60,none,Oral,-20°C,Current,2,28,3.2,3.2,3.5,0,0,0,0,,NA,,3,$6.00,0.6
,321,Rotavirus,Rota_liq,Bharat Biotech International Limited,Rotavac 50D,Liquid: ready to use,Vial,1,24,none,Oral,2-8°C,Current,7,NA,14.45,14.45,14.45,0,0,0,0,,NA,,3,$1.35,1.35
,322,Rotavirus,Rota_liq,Bharat Biotech International Limited,Rotavac 50D,Liquid: ready to use,Vial,5,24,none,Oral,2-8°C,Current,7,0,3.2,3.2,5.3,0,0,0,0,,NA,,3,$5.75,1.15
,323,Rotavirus,Rota_Lyo,Serum Institute of India Pvt. Ltd.,Rotasiil,Lyophilised active component  to be reconstituted with excipient diluent before use,Two vial set (active + excipient),1,30,none,Oral,2-8°C,Current,30,NA,17.58,17.58,86.4,No,17.6,17.6,27,Yes,2-8°C,,3,$1.55,1.55
,354,Rotavirus,Rota_Lyo,Serum Institute of India Pvt. Ltd.,ROTASIIL®Thermo,Lyophilised active component  to be reconstituted with excipient diluent before use,Two vial set (active + excipient),1,30,none,Oral,#ERROR!,Current,250,NA,17.57,17.57,86.4,No,882.3,882.3,27,Yes,+25°C,,3,$1.85,1.85
,355,Rotavirus,Rota_Lyo,Serum Institute of India Pvt. Ltd.,Rotasiil,Lyophilised active component  to be reconstituted with excipient diluent before use,Two vial set (active + excipient),2,30,none,Oral,2-8°C,Current,30,0,10.54,10.54,49.2,No,10.5,10.5,15.4,Yes,2-8°C,,3,$1.90,0.95
,354,Rotavirus,Rota_Lyo,Serum Institute of India Pvt. Ltd.,ROTASIIL®Thermo,Lyophilised active component  to be reconstituted with excipient diluent before use,Two vial set (active + excipient),2,30,none,Oral,#ERROR!,Current,250,0,10.54,10.54,49.2,No,10.5,10.5,15.4,Yes,+25°C,,3,$2.50,1.25
,364,Rotavirus,Rota_liq,Serum Institute of India Pvt. Ltd.,Rotasiil-Liquid,Liquid: ready to use,5 Multi-monodoses (plastic tubes),1,24,none,Oral,2-8°C,Current,7,NA,20.06,20.06,99.91,,0,0,0,,NA,,3,,0
,,Rotavirus,Rota_liq,Serum Institute of India Pvt. Ltd.,Rotasiil-Liquid,Liquid: ready to use,Vial,2,24,none,Oral,2-8°C,Not yet,7,0,14.3,14.3,,,0,0,0,,NA,,3,$1.60,0.8
,149,Rubella,Rubella,Serum Institute of India Pvt. Ltd.,"Rubella Vaccine, Live, Attenuated",Lyophilised active component  to be reconstituted with excipient diluent before use,Vial,1,24,none,Subcutaneous,2-8°C,Current,14,NA,21.09,21.09,98.4,No,12.5,12.5,0,,2-8°C,,2,$2.60,2.6
,150,Rubella,Rubella,Serum Institute of India Pvt. Ltd.,"Rubella Vaccine, Live, Attenuated",Lyophilised active component  to be reconstituted with excipient diluent before use,Vial,2,24,none,Subcutaneous,2-8°C,Current,14,0,10.55,10.55,49.2,No,6.3,6.3,0,,2-8°C,,2,$2.60,1.3
,151,Rubella,Rubella,Serum Institute of India Pvt. Ltd.,"Rubella Vaccine, Live, Attenuated",Lyophilised active component  to be reconstituted with excipient diluent before use,Vial,5,24,none,Subcutaneous,2-8°C,Current,14,0,4.22,4.22,19.68,No,5.5,5.5,0,,2-8°C,,2,$1.13,0.225
,152,Rubella,Rubella,Serum Institute of India Pvt. Ltd.,"Rubella Vaccine, Live, Attenuated",Lyophilised active component  to be reconstituted with excipient diluent before use,Vial,10,24,none,Subcutaneous,2-8°C,Current,14,0,2.11,2.11,9.84,No,3.1,3.1,0,,2-8°C,,2,$1.13,0.113
,121,Diphtheria-Tetanus (reduced antigen content),Td,Serum Institute of India Pvt. Ltd.,Diphtheria and Tetanus Vaccine Adsorbed for Adults and Adolescents,Liquid: ready to use,Ampoule,1,36,thiomersal,Intramuscular,2-8°C,Current,none,NA,12.18,12.18,0.34,0,0,0,0,,NA,,2,$1.13,1.125
,279,Diphtheria-Tetanus (reduced antigen content),Td,Biological E. Limited,None used on labelling for supply through UN agencies.     Also marketed with labelled commercial name  BE Td,Liquid: ready to use,Vial,1,36,thiomersal,Intramuscular,2-8°C,Current,30,NA,14.68,14.68,93.08,0,0,0,0,,NA,,2,$1.13,1.125
,79,Diphtheria-Tetanus (reduced antigen content),Td,National Center of Infectious and Parasitic Diseases,Tetadif,Liquid: ready to use,Vial,10,36,thiomersal,Intramuscular,2-8°C,Current,14,28,3.78,3.78,3.78,0,0,0,0,,NA,,2,$1.13,0.113
,92,Diphtheria-Tetanus (reduced antigen content),Td,Sanofi Pasteur SA,IMOVAX dT adult,Liquid: ready to use,Vial,10,36,thiomersal,Intramuscular,2-8°C,Current,none,28,2.46,2.46,2.46,0,0,0,0,,NA,,2,$2.18,0.218
,122,Diphtheria-Tetanus (reduced antigen content),Td,Serum Institute of India Pvt. Ltd.,Diphtheria and Tetanus Vaccine Adsorbed for Adults and Adolescents,Liquid: ready to use,Vial,10,36,thiomersal,Intramuscular,2-8°C,Current,30,28,2.11,2.11,9.84,0,0,0,0,,NA,,2,$2.18,0.218
,245,Diphtheria-Tetanus (reduced antigen content),Td,PT Bio Farma (Persero),none,Liquid: ready to use,Vial,10,36,thiomersal,Intramuscular,2-8°C,Current,30,28,2.23,2.23,2.23,0,0,0,0,,NA,,2,$2.05,0.205
,280,Diphtheria-Tetanus (reduced antigen content),Td,Biological E. Limited,None used on labelling for supply through UN agencies.     Also marketed with labelled commercial name  BE Td,Liquid: ready to use,Vial,10,36,thiomersal,Intramuscular,2-8°C,Current,30,28,2.93,2.93,18.62,0,0,0,0,,NA,,2,$2.05,0.205
,80,Diphtheria-Tetanus (reduced antigen content),Td,National Center of Infectious and Parasitic Diseases,Tetadif,Liquid: ready to use,Vial,20,36,thiomersal,Intramuscular,2-8°C,Current,14,28,1.89,1.89,1.89,0,0,0,0,,NA,,2,$2.05,0.103
,123,Diphtheria-Tetanus (reduced antigen content),Td,Serum Institute of India Pvt. Ltd.,Diphtheria and Tetanus Vaccine Adsorbed for Adults and Adolescents,Liquid: ready to use,Vial,20,36,thiomersal,Intramuscular,2-8°C,Current,30,28,2.12,2.12,9.84,0,0,0,0,,NA,,2,$2.05,0.103
,12,Polio Vaccine - Oral (OPV) Trivalent,tOPV,PT Bio Farma (Persero),Oral polio,Liquid: ready to use,Vial,10,24,none,Oral,-20°C,Current,2,28,3.2,3.2,3.2,0,0,0,0,,NA,,4,$2.05,0.205
,44,Polio Vaccine - Oral (OPV) Trivalent,tOPV,GlaxoSmithKline Biologicals SA,Polio sabin,Liquid: ready to use,Vial,10,18,none,Oral,-20°C,Current,2,28,0,0,0,0,0,0,0,,NA,,4,$2.05,0.205
,99,Polio Vaccine - Oral (OPV) Trivalent,tOPV,Sanofi Pasteur SA,OPVERO,Liquid: ready to use,Vial,10,24,none,Oral,-20°C,Current,2,28,0.97,0.97,0.97,0,0,0,0,,NA,,4,$3.05,0.305
,100,Polio Vaccine - Oral (OPV) Trivalent,tOPV,Sanofi Pasteur SA,OPVERO,Liquid: ready to use,Vial,10,24,none,Oral,-20°C,Current,2,28,0,0,0,0,0,0,0,,NA,,4,$3.05,0.305
,282,Polio Vaccine - Oral (OPV) Trivalent,tOPV,Serum Institute of India Pvt. Ltd.,"Poliomyelitis Vaccine (Oral), Trivalent types 1, 2 and 3",Liquid: ready to use,Vial,10,24,none,Oral,-20°C,Current,2,28,1.76,1.76,11.52,0,0,0,0,,NA,,4,$3.05,0.305
,291,Polio Vaccine - Oral (OPV) Trivalent,tOPV,Bharat Biotech International Limited,BIOPOLIO,Liquid: ready to use,Vial,10,24,none,Oral,-20°C,Current,2,28,1.7,1.7,9.83,0,0,0,0,,NA,,4,$3.05,0.305
,13,Polio Vaccine - Oral (OPV) Trivalent,tOPV,PT Bio Farma (Persero),Oral polio,Liquid: ready to use,Vial,20,24,none,Oral,-20°C,Current,2,28,0.24,0.24,0.24,0,0,0,0,,NA,,4,$3.05,0.153
,45,Polio Vaccine - Oral (OPV) Trivalent,tOPV,GlaxoSmithKline Biologicals SA,Polio sabin,Liquid: ready to use,Vial,20,24,none,Oral,-20°C,Current,2,28,0,0,0,0,0,0,0,,NA,,4,$3.05,0.153
,63,Polio Vaccine - Oral (OPV) Trivalent,tOPV,Haffkine Bio Pharmaceutical Corporation Ltd,Polioviral vaccine,Liquid: ready to use,Vial,20,24,none,Oral,-20°C,Current,2,28,1,1,1,0,0,0,0,,NA,,4,#N/A,#N/A
,101,Polio Vaccine - Oral (OPV) Trivalent,tOPV,Sanofi Pasteur SA,OPVERO,Liquid: ready to use,Vial,20,24,none,Oral,-20°C,Current,2,28,0.48,0.48,0.48,0,0,0,0,,NA,,4,#N/A,#N/A
,261,Polio Vaccine - Oral (OPV) Trivalent,tOPV,Serum Institute of India Pvt. Ltd.,"Poliomyelitis Vaccine (Oral), Trivalent types 1, 2 and 3",Liquid: ready to use,Vial,20,24,none,Oral,-20°C,Current,2,28,0.88,0.88,5.76,0,0,0,0,,NA,,4,#N/A,#N/A
,290,Polio Vaccine - Oral (OPV) Trivalent,tOPV,Bharat Biotech International Limited,BIOPOLIO,Liquid: ready to use,Vial,20,24,none,Oral,-20°C,Current,2,28,0.85,0.85,4.92,0,0,0,0,,NA,,4,$0.83,0.041
,16,Tetanus Toxoid,TT,PT Bio Farma (Persero),TT vaccine,Liquid: ready to use,Uniject,1,24,thiomersal,Intramuscular,2-8°C,Current,30,NA,12,12,12,0,0,0,0,,NA,,2,$0.83,0.825
,134,Tetanus Toxoid,TT,Serum Institute of India Pvt. Ltd.,Tetanus  Toxoid Vaccine Adsorbed,Liquid: ready to use,Ampoule,1,36,thiomersal,Intramuscular,2-8°C,Current,none,NA,12.18,12.18,65.6,0,0,0,0,,NA,,2,$0.83,0.825
,259,Tetanus Toxoid,TT,Biological E. Limited,None used on labelling for supply through UN agencies.     Also marketed with labelled commercial name  BEtt.,Liquid: ready to use,Vial,1,36,thiomersal,Intramuscular,2-8°C,Current,30,NA,14.7,14.7,14.7,0,0,0,0,,NA,,2,$0.83,0.825
,14,Tetanus Toxoid,TT,PT Bio Farma (Persero),TT vaccine,Liquid: ready to use,Vial,10,24,thiomersal,Intramuscular,2-8°C,Current,30,28,2.22,2.22,2.22,0,0,0,0,,NA,,2,$0.83,0.083
,75,Tetanus Toxoid,TT,National Center of Infectious and Parasitic Diseases,Tetatox,Liquid: ready to use,Vial,10,36,thiomersal,Intramuscular,2-8°C,Current,14,28,3.78,3.78,3.78,0,0,0,0,,NA,,2,$0.83,0.083
,104,Tetanus Toxoid,TT,Sanofi Pasteur SA,TETAVAX,Liquid: ready to use,Vial,10,36,thiomersal,Intramuscular,2-8°C,Current,none,28,2.46,2.46,2.46,0,0,0,0,,NA,,2,$1.06,0.106
,135,Tetanus Toxoid,TT,Serum Institute of India Pvt. Ltd.,Tetanus  Toxoid Vaccine Adsorbed,Liquid: ready to use,Vial,10,36,thiomersal,Intramuscular,2-8°C,Current,30,28,2.11,2.11,9.84,0,0,0,0,,NA,,2,$1.06,0.106
,158,Tetanus Toxoid,TT,Shantha Biotechnics Private Limited (A Sanofi Company),ShanTT,Liquid: ready to use,Vial,10,24,thiomersal,Intramuscular,2-8°C,Current,14,28,4.36,4.36,4.36,0,0,0,0,,NA,,2,$1.06,0.106
,260,Tetanus Toxoid,TT,Biological E. Limited,None used on labelling for supply through UN agencies.     Also marketed with labelled commercial name  BEtt.,Liquid: ready to use,Vial,10,36,thiomersal,Intramuscular,2-8°C,Current,30,28,2.9,2.9,19.59,0,0,0,0,,NA,,2,$1.06,0.106
,15,Tetanus Toxoid,TT,PT Bio Farma (Persero),TT vaccine,Liquid: ready to use,Vial,20,24,thiomersal,Intramuscular,2-8°C,Current,30,28,0.75,0.75,0.75,0,0,0,0,,NA,,2,$1.06,0.053
,76,Tetanus Toxoid,TT,National Center of Infectious and Parasitic Diseases,Tetatox,Liquid: ready to use,Vial,20,36,thiomersal,Intramuscular,2-8°C,Current,14,28,1.89,1.89,1.89,0,0,0,0,,NA,,2,$1.06,0.053
,105,Tetanus Toxoid,TT,Sanofi Pasteur SA,TETAVAX,Liquid: ready to use,Vial,20,36,thiomersal,Intramuscular,2-8°C,Current: No Routine Production,none,0,0,0,0,0,0,0,0,,NA,,2,,0
,136,Tetanus Toxoid,TT,Serum Institute of India Pvt. Ltd.,Tetanus  Toxoid Vaccine Adsorbed,Liquid: ready to use,Vial,20,36,thiomersal,Intramuscular,2-8°C,Current,30,28,2.12,2.12,9.84,0,0,0,0,,NA,,2,,0
,159,Tetanus Toxoid,TT,Shantha Biotechnics Private Limited (A Sanofi Company),ShanTT,Liquid: ready to use,Vial,20,24,thiomersal,Intramuscular,2-8°C,Current,14,28,2.6,2.6,2.6,0,0,0,0,,NA,,2,#N/A,#N/A
,190,Tetanus Toxoid,TT,Biological E. Limited,None used on labelling for supply through UN agencies.     Also marketed with labelled commercial name  BEtt.,Liquid: ready to use,Vial,20,36,thiomersal,Intramuscular,2-8°C,Current,30,28,2.9,2.9,15.28,0,0,0,0,,NA,,2,#N/A,#N/A
,319,Typhoid (Conjugate),TCV,Bharat Biotech International Limited,Typbar-TCV,Liquid: ready to use,Vial,1,36,2-phenoxyethanol,Intramuscular,2-8°C,Current,30,NA,14.18,14.18,143.87,0,0,0,0,,NA,,1,$4.20,4.2
,320,Typhoid (Conjugate),TCV,Bharat Biotech International Limited,Typbar-TCV,Liquid: ready to use,Vial,5,36,2-phenoxyethanol,Intramuscular,2-8°C,Current,30,0,2.89,2.89,22.76,0,0,0,0,,NA,,1,$5.25,1.05
,237,Typhoid (Polysaccharide),TPV,Sanofi Pasteur SA,Typhym-Vi,Liquid: ready to use,Vial,20,36,phenol,Intramuscular,2-8°C,Current,30,0,1.57,1.57,17.16,0,0,0,0,,NA,,#N/A,$4.20,0.21
,175,Yellow Fever,YF,Chumakov Federal Scientific Center for Reserch & Development of Immune-And Biological Products,none,Lyophilised active component  to be reconstituted with excipient diluent before use,Ampoule,2,24,none,Intramuscular or Subcutaneous,2-8°C,Current,14,0,7.2,7.2,7.2,No,0,0,0,,2-8°C,,1,$11.67,5.835
,19,Yellow Fever,YF,Bio-Manguinhos/Fiocruz,Yellow Fever,Lyophilised active component  to be reconstituted with excipient diluent before use,Vial + Ampoule,5,36,none,Intramuscular or Subcutaneous,2-8°C,Current,14,0,6.31,6.31,6.31,0,0,0,0,,NA,,1,$4.85,0.97
,64,Yellow Fever,YF,Institut Pasteur de Dakar,Stabilized Yellow Fever Vaccine,Lyophilised active component  to be reconstituted with excipient diluent before use,Vial,5,36,none,Intramuscular or Subcutaneous,2-8°C,Current,14,0,2.8,2.8,2.8,0,0,0,0,,NA,,1,$4.85,0.97
,176,Yellow Fever,YF,Chumakov Federal Scientific Center for Reserch & Development of Immune-And Biological Products,none,Lyophilised active component  to be reconstituted with excipient diluent before use,Ampoule,5,24,none,Intramuscular or Subcutaneous,2-8°C,Current,14,0,5.99,5.99,6,No,0,0,0,,2-8°C,,1,$4.85,0.97
,20,Yellow Fever,YF,Bio-Manguinhos/Fiocruz,Yellow Fever,Lyophilised active component  to be reconstituted with excipient diluent before use,Vial + Ampoule,10,36,none,Intramuscular or Subcutaneous,2-8°C,Current,14,0,2.96,2.96,2.96,0,0,0,0,,NA,,1,$12.40,1.24
,66,Yellow Fever,YF,Institut Pasteur de Dakar,Stabilized Yellow Fever Vaccine,Lyophilised active component  to be reconstituted with excipient diluent before use,Vial,10,36,none,Intramuscular or Subcutaneous,2-8°C,Current,14,0,1.4,1.4,1.4,0,0,0,0,,NA,,1,$12.40,1.24
,112,Yellow Fever,YF,Sanofi Pasteur SA,STAMARIL,Lyophilised active component  to be reconstituted with excipient diluent before use,Vial,10,36,none,Intramuscular or Subcutaneous,2-8°C,Current,14,0,2.44,2.44,7.2,No,4.8,4.8,0,,2-8°C,,1,$12.40,1.24
,177,Yellow Fever,YF,Chumakov Federal Scientific Center for Reserch & Development of Immune-And Biological Products,none,Lyophilised active component  to be reconstituted with excipient diluent before use,Ampoule,10,24,none,Intramuscular or Subcutaneous,2-8°C,Current,14,0,3.61,3.61,3.6,No,0,0,0,,2-8°C,,1,$12.40,1.24
,65,Yellow Fever,YF,Institut Pasteur de Dakar,Stabilized Yellow Fever Vaccine,Lyophilised active component  to be reconstituted with excipient diluent before use,Vial,20,36,none,Intramuscular or Subcutaneous,2-8°C,Current,14,0,0.7,0.7,0.7,0,0,0,0,,NA,No,1,$30.00,1.5
,21,Yellow Fever,YF,Bio-Manguinhos/Fiocruz,Yellow Fever,Lyophilised active component  to be reconstituted with excipient diluent before use,Two vial set (active + excipient),50,24,none,Intramuscular or Subcutaneous,2-8°C,Current: No Routine Production,14,0,0.63,0.63,0.63,0,0,0,0,,NA,,1,$30.00,0.6
,,Polio Vaccine - Novel Oral (nOPV) Monovalent type 2,nOPV,PT Bio Farma (Persero),Novel Oral (nOPV) Monovalent type 2,Liquid: ready to use,Vial,50,12,none,Oral,-20°C,Current,2,28,0.55,0.55,2.71,0,0,0,0,No,NA,,4,$30.00,0.6
,,Malaria vaccine,"RTS,S",GlaxoSmithKline Biologicals SA,Mosquirix,Lyophilised active component  to be reconstituted with excipient diluent before use,Two vial set (active + active),2,36,none,Intramuscular,2-8°C,Current,14,0,9.9,9.9,15.42,Yes,0,0,0,,2-8°C,,4,$18.70,9.35
,,Covid-19 vaccine,C19-Covishield ChAdOx1-S,Serum Institute of India Pvt. Ltd (s/c AZ),COVISHIELD,Liquid: ready to use,vial,2,9,none,Intramuscular,2-8°C,EUL,none,0,7.03,7.03,9.13,0,0,0,0,Yes,NA,,2,$10.00,5
,,Covid-19 vaccine,C19-Covishield ChAdOx1-S,Serum Institute of India Pvt. Ltd (s/c AZ),COVISHIELD,Liquid: ready to use,vial,10,9,none,Intramuscular,2-8°C,EUL,none,0,2.1,2.1,2.61,0,0,0,0,Yes,NA,,2,$30.00,3
,,Covid-19 vaccine,C19-VaxZevria ChAdOx1-S,AstraZeneca AB /SK Bioscience Co. Ltd,Vaxzevria,Liquid: ready to use,vial,8,6,none,Intramuscular,2-8°C,EUL,none,0,4.4,4.4,5.85,0,0,0,0,Yes,NA,,2,$30.00,3.75
,,Covid-19 vaccine,C19-VaxZevria ChAdOx1-S,AstraZeneca AB /SK Bioscience Co. Ltd,Vaxzevria,Liquid: ready to use,vial,10,6,none,Intramuscular,2-8°C,EUL,none,0,3.76,3.76,5.35,0,0,0,0,Yes,NA,,2,$35.00,3.5
,,Covid-19 vaccine,C19-VaxZevria ChAdOx1-S,AstraZeneca AB,Vaxzevria,Liquid: ready to use,vial,10,6,none,Intramuscular,2-8°C,EUL,none,0,2.76,2.76,5.29,0,0,0,0,Yes,NA,,2,$35.00,3.5
,,Covid-19 vaccine,C19-VaxZevria ChAdOx1-S,AstraZeneca AB,Vaxzevria,Liquid: ready to use,vial,8,6,none,Intramuscular,2-8°C,EUL,none,0,3.45,3.45,6.61,0,0,0,0,Yes,NA,,2,$35.00,4.375
,,Covid-19 vaccine,C19-Moderna mRNA-1273,Moderna,mRNA-1273,Liquid: ready to use,vial,10,7,none,Intramuscular,-20°C,EUL,none,0,4.3,4.3,5.83,0,0,0,0,,NA,,2,$35.00,3.5
,,Covid-19 vaccine,C19-Moderna mRNA-1273,Moderna,mRNA-1273,Liquid: ready to use,vial,14,7,none,Intramuscular,-20°C,EUL,none,0,2.1,2.1,3,0,0,0,0,,NA,,2,$300.00,21.429
,,Covid-19 vaccine,C19-Janssen Ad26.COV2.S,Janssen - Cilag,Ad26.COV2.S,Liquid: ready to use,vial,5,24,none,Intramuscular,-20°C,EUL,none,0,3.82,3.82,5.32,0,0,0,0,,NA,Yes,1,$50.00,10
,,Covid-19 vaccine,C19-Pfizer PBS/Sucrose (purple cap),Pfizer/BioNTech,Comirnaty,"Frozen liquid, to be diluted after thawing",vial,6,9,none,Intramuscular,-70°C,EUL,none,0,1.8,1.8,2.97,No,4.63,4.63,13,,+25°C,Yes,2,$50.00,8.333
,,Covid-19 vaccine,C19-Pfizer Tris/Sucrose (grey cap),Pfizer/BioNTech,Comirnaty,Liquid: ready to use,vial,6,9,none,Intramuscular,-70°C,EUL,none,0,1.9,1.9,15.32,0,0,0,0,,NA,,2,$50.00,8.333
,,Covid-19 vaccine,C19-Pfizer Tris/Sucrose (orange cap),Pfizer/BioNTech,Comirnaty,"Frozen liquid, to be diluted after thawing",vial,6,9,none,Intramuscular,-70°C,EUL,none,0,2.6,2.6,24.89,No,4.63,4.63,13,,+25°C,,2,$50.00,8.333
,,Covid-19 vaccine,C19-Sinopharm VeroCell,"Beijing Institute of Biological Products Co., Ltd",Sinopharm,Liquid: ready to use,vial,1,24,none,Intramuscular,2-8°C,EUL,7,NA,61.8,61.8,78.3,0,0,0,0,Yes,NA,Yes,2,$20.00,20
,,Covid-19 vaccine,C19-Sinopharm VeroCell,"Beijing Institute of Biological Products Co., Ltd",Sinopharm,Liquid: ready to use,vial,1,24,none,Intramuscular,2-8°C,EUL,7,NA,21.2,21.2,28.9,0,0,0,0,Yes,NA,Yes,2,$20.00,20
,,Covid-19 vaccine,C19-Sinopharm VeroCell,"Beijing Institute of Biological Products Co., Ltd",Sinopharm,Liquid: ready to use,prefilled syringe,1,24,none,Intramuscular,2-8°C,EUL,7,NA,94.9,94.9,115.9,0,0,0,0,Yes,NA,,2,$20.00,20
,,Covid-19 vaccine,C19-Sinopharm VeroCell,"Beijing Institute of Biological Products Co., Ltd",Sinopharm,Liquid: ready to use,prefilled syringe,1,24,none,Intramuscular,2-8°C,EUL,7,NA,124.9,124.9,154,0,0,0,0,Yes,NA,,2,$20.00,20
,,Covid-19 vaccine,C19-Sinopharm VeroCell,"Beijing Institute of Biological Products Co., Ltd",Sinopharm,Liquid: ready to use,vial,2,24,none,Intramuscular,2-8°C,EUL,7,0,30.8,30.8,39.16,0,0,0,0,Yes,NA,Yes,2,$30.00,15
,,Covid-19 vaccine,C19-Sinopharm VeroCell,"Beijing Institute of Biological Products Co., Ltd",Sinopharm,Liquid: ready to use,vial,2,24,none,Intramuscular,2-8°C,EUL,7,0,10.5,10.5,14.45,0,0,0,0,Yes,NA,Yes,2,$30.00,15
,,Covid-19 vaccine,C19-Sinopharm VeroCell,"Beijing Institute of Biological Products Co., Ltd",Sinopharm,Liquid: ready to use,prefilled syringe,2,24,none,Intramuscular,2-8°C,EUL,7,0,11.4,11.4,14.03,0,0,0,0,Yes,NA,Yes,2,$30.00,15
,,Covid-19 vaccine,C19-Sinopharm VeroCell,"Beijing Institute of Biological Products Co., Ltd",Sinopharm,Liquid: ready to use,prefilled syringe,5,24,none,Intramuscular,2-8°C,EUL,7,0,12.3,12.3,15.66,0,0,0,0,Yes,NA,Yes,2,$50.00,10
,,Covid-19 vaccine,C19-Sinopharm VeroCell,"Beijing Institute of Biological Products Co., Ltd",Sinopharm,Liquid: ready to use,prefilled syringe,5,24,none,Intramuscular,2-8°C,EUL,7,0,4.2,4.2,5.78,0,0,0,0,Yes,NA,,2,$50.00,10
,,Covid-19 vaccine,C19-Sinopharm VeroCell,"Beijing Institute of Biological Products Co., Ltd",Sinopharm,Liquid: ready to use,prefilled syringe,5,24,none,Intramuscular,2-8°C,EUL,7,0,4.5,4.5,6.82,0,0,0,0,Yes,NA,,2,$50.00,10
,,Covid-19 vaccine,C19-Sinovac Coronovac,"Sinovac Life Sciences Co., Ltd.",CoronaVac,Liquid: ready to use,vial,2,12,none,Intramuscular,2-8°C,EUL,none,0,8.15,8.15,10.12,0,0,0,0,,NA,,2,$30.00,15
,,Covid-19 vaccine,C19-Sinovac Coronovac,"Sinovac Life Sciences Co., Ltd.",CoronaVac,Liquid: ready to use,vial,1,12,none,Intramuscular,2-8°C,EUL,none,NA,16.3,16.3,20.24,0,0,0,0,,NA,,2,$15.00,15
,,Covid-19 vaccine,C19-Sinovac Coronovac,"Sinovac Life Sciences Co., Ltd.",CoronaVac,Liquid: ready to use,prefilled syringe,1,12,none,Intramuscular,2-8°C,EUL,none,NA,41.65,41.65,49.82,0,0,0,0,,NA,,2,$15.00,15
,,Covid-19 vaccine,C19-Sputnik,Gamalia Institute,Sputnik V,Liquid: ready to use,vial,1,12,none,Intramuscular,-20°C,EUL,none,NA,27.5,27.5,31.1,0,0,0,0,,NA,,2,$10.00,10
,,Covid-19 vaccine,C19-Bharat COVAXIN,Bharat Biotech International Limited,"BBV152, COVAXIN®",Liquid: ready to use,vial,1,9,none,Intramuscular,2-8°C,EUL,none,NA,14.45,14.45,18.31,0,0,0,0,,NA,,2,$15.00,15
,,Covid-19 vaccine,C19-Bharat COVAXIN,Bharat Biotech International Limited,"BBV152, COVAXIN®",Liquid: ready to use,vial,5,9,none,Intramuscular,2-8°C,EUL,none,28,2.89,2.89,3.66,0,0,0,0,,NA,,2,$30.00,6
,,Covid-19 vaccine,C19-Bharat COVAXIN,Bharat Biotech International Limited,"BBV152, COVAXIN®",Liquid: ready to use,vial,10,9,none,Intramuscular,2-8°C,EUL,none,28,2.69,2.69,3.5,0,0,0,0,,NA,,2,$30.00,3
,,Covid-19 vaccine,C19-Bharat COVAXIN,Bharat Biotech International Limited,"BBV152, COVAXIN®",Liquid: ready to use,vial,20,9,none,Intramuscular,2-8°C,EUL,none,28,1.72,1.72,2.03,0,0,0,0,,NA,,2,$60.00,3
,,Covid-19 vaccine,C-19 Covovax SARS-CoV-2 rS,Serum Institute of India Pvt. Ltd (s/c AZ),COVOVAX,Liquid: ready to use,vial,10,9,none,Intramuscular,2-8°C,EUL,none,0,2.1,2.1,22.89,0,0,0,0,,NA,,2,$30.00,3
,,Covid-19 vaccine,C-19 Covovax SARS-CoV-2 rS,Serum Institute of India Pvt. Ltd (s/c AZ),COVOVAX,Liquid: ready to use,vial,1,9,none,Intramuscular,2-8°C,EUL,none,NA,15.8,15.8,15.8,0,0,0,0,,NA,,2,$3.50,3.5
,,Covid-19 vaccine,C-19 Nuvaxovid SARS-CoV-2 rS,Novavax CZ a.s.,NUVAXOVID,Liquid: ready to use,vial,10,9,none,Intramuscular,2-8°C,EUL,none,0,2.05,2.05,2.7,0,0,0,0,,NA,,2,$200.00,20
,,Covid-19 vaccine,COVID-A,Generic,COVID-A,Liquid: ready to use,vial,10,12,none,Intramuscular,2-8°C,EUL,none,0,4.63,4.63,13,0,0,0,0,,NA,,2,,0
,,Covid-19 vaccine,COVID-B,Generic,COVID-B,Lyophilised active component  to be reconstituted with excipient diluent before use,vial,10,12,none,Intramuscular,2-8°C,EUL,none,0,4.63,4.63,13,No,4.63,4.63,13,,NA,Yes,2,,0
,,Covid-19 vaccine,COVID-C,Generic,COVID-C,Liquid: ready to use,vial,1,12,none,Intramuscular,2-8°C,EUL,none,NA,17,17,23,0,0,0,0,,NA,Yes,2,,0